"ISLAND","SITE","LATITUDE","LONGITUDE","WavePower"
"Maui","MAI-01587",20.71970028,-156.458176,0
"Hawaii","HAW-01476",20.26737649,-155.8629675,70287.40121
"Hawaii","HAW-01468",20.24428267,-155.8900548,0
"Hawaii","HAW-01448",20.25085609,-155.7918375,81126.20138
"Hawaii","HAW-01411",20.23514229,-155.7517892,85814.101465
"Hawaii","HAW-01487",19.14996377,-155.9173019,20718.800355
"Hawaii","HAW-01566",19.16065933,-155.9154834,20718.800355
"Hawaii","HAW-01631",19.8325335,-155.0803804,74648.25129
"Hawaii","HAW-01643",19.74481596,-155.0538582,77725.20133
"Hawaii","HAW-01625",19.44420143,-154.8548014,71.450001715
"Hawaii","HAW-01757",19.36768128,-154.9536881,968.6000192
"Hawaii","HAW-01759",19.49005,-154.814167,68183.051125
"Hawaii","HAW-01750",19.4459773,-154.8528663,57294.75101
"Hawaii","HAW-01648",19.408233,-154.901467,50259.900895
"Hawaii","HAW-01743",19.3557,-154.966183,56181.80096
"Hawaii","HAW-01766",18.92598792,-155.6828787,63.65000093
"Hawaii","HAW-01540",20.00323883,-155.8331828,32.10000062
"Hawaii","HAW-01619",19.9272578,-155.8894908,1414.650026
"Hawaii","HAW-01488",20.06308017,-155.8532859,51.050001025
"Hawaii","HAW-01579",19.9609699,-155.8595162,39.050000905
"Maui","MAI-01571",20.8948471,-156.1964341,133995.1523
"Maui","MAI-01502",20.93434112,-156.2540466,107177.7019
"Maui","MAI-01443",20.80088295,-156.6115008,0
"Molokai","MOL-01447",21.04605798,-156.9371994,489.19999646
"Molokai","MOL-01456",21.0864077,-157.0803999,18276.650235
"Molokai","MOL-01453",21.06312487,-156.9834765,1400.8000185
"Molokai","MOL-01487",21.08081974,-157.0402812,13476.1499
"Molokai","MOL-01446",21.08058781,-157.0961696,18671.54986
"Molokai","MOL-01461",21.08327664,-157.131719,18884.49986
"Kauai","KAU-01231",21.99781495,-159.3286937,123449.75
"Niihau","NII-01215",21.88881895,-160.0847964,105103
"Niihau","NII-01303",21.85115118,-160.1632766,88669.75
"Niihau","NII-01272",21.78189537,-160.21368,20696.40004
"Niihau","NII-01219",22.0074005,-160.0703892,227672.997225
"Niihau","NII-01231",21.99753013,-160.0592162,245349.44705
"Niihau","NII-01302",21.95185253,-160.0638099,131179.25
"Niihau","NII-01284",21.78511108,-160.2200961,70782.25
"Kauai","KAU-01312",22.16807337,-159.7257812,199697.75
"Kauai","KAU-01363",22.16861,-159.70004,189961.90505
"Kauai","KAU-01366",22.07905672,-159.7688707,155862
"Kauai","KAU-01340",22.16817328,-159.7226059,199697.75
"Kauai","KAU-01361",22.15537386,-159.720993,186689.454975
"Kauai","KAU-01339",22.11616181,-159.7387894,149444.75
"Niihau","NII-01290",21.89360711,-160.2281938,162428
"Niihau","NII-01225",22.00823567,-160.0976654,108528.0007
"Niihau","NII-01275",21.90013762,-160.2114234,155424.5
"Niihau","NII-01227",22.00152445,-160.1042131,137362.75
"Kauai","KAU-01352",22.06374968,-159.7854333,169789.00335
"Niihau","NII-01224",22.01583445,-160.1024489,142642.5
"Niihau","NII-01235",22.00120308,-160.0781717,151377.5
"Niihau","NII-01254",21.9506064,-160.1519695,153111
"Niihau","NII-01255",21.91467737,-160.2130769,160030.0625
"Kauai","KAU-01238",21.88105,-159.54254,19922.19961
"Kauai","KAU-01263",21.91232,-159.65221,24626.45035
"Kauai","KAU-01217",21.88728875,-159.5715792,19922.19961
"Kauai","KAU-01291",21.9533,-159.69987,19654.800035
"Kauai","KAU-01252",21.88926604,-159.5662502,19840.199615
"Kauai","KAU-01293",21.95339606,-159.6764472,19301.200025
"Oahu","OAH-01508",21.68721012,-158.0485984,195037.5
"Oahu","OAH-01509",21.70166044,-158.0294426,215946.5
"Oahu","OAH-01529",21.66260001,-158.0584127,160242.25
"Oahu","OAH-01537",21.61967394,-158.0992164,158430.125
"Oahu","OAH-01558",21.59353137,-158.1109032,143842.0016
"Oahu","OAH-01543",21.58879333,-158.1388367,160226.5
"Molokai","MOL-01502",21.13175958,-157.3065268,163782.5
"Molokai","MOL-01501",21.15872894,-157.2899076,151514.8517
"Molokai","MOL-01509",21.1398783,-157.2934099,149290.2529
"Molokai","MOL-01516",21.10545809,-157.3090216,148479.12725
"Molokai","MOL-01510",21.09678986,-157.3138321,162927.1018
"Molokai","MOL-01513",21.09064342,-157.280954,19266.199625
"Molokai","MOL-01514",21.08535158,-157.2566712,19266.199625
"Molokai","MOL-01425",21.17602,-156.78873,255496.44705
"Molokai","MOL-01435",21.17481482,-156.8213899,255480.69705
"Molokai","MOL-01444",21.17254358,-156.9280971,151377.5
"Molokai","MOL-01437",21.18055961,-156.9475381,140662.25
"Molokai","MOL-01432",21.17711976,-156.8225468,256775.647
"Molokai","MOL-01436",21.16903148,-156.8712499,242126
"Molokai","MOL-01427",21.17230268,-156.9378497,125503.9988725
"Molokai","MOL-01440",21.16573043,-156.849827,225929.5
"Lanai","LAN-01248",20.90296749,-156.8728644,31999.499625
"Lanai","LAN-01254",20.92207907,-156.9135448,44491.39994
"Lanai","LAN-01311",20.91813513,-156.8921104,42352.000055
"Lanai","LAN-01255",20.92357272,-156.9429005,45761.89946
"Lanai","LAN-01237",20.93033491,-157.001069,51652.699395
"Lanai","LAN-01246",20.9277314,-157.0270861,53158.39937
"Lanai","LAN-01265",20.78098641,-156.8197221,22305.399565
"Lanai","LAN-01269",20.76166964,-156.8334028,19687.099615
"Lanai","LAN-01272",20.74299484,-156.8763593,19266.199625
"Lanai","LAN-01284",20.73574986,-156.9112426,19282.599625
"Lanai","LAN-01263",20.75594774,-156.8422085,19266.199625
"Lanai","LAN-01300",20.76356437,-156.832809,19858.5246125
"Lanai","LAN-01286",20.73575531,-156.9313856,19315.399625
"Oahu","OAH-01604",21.41517629,-158.1805607,92711.951275
"Oahu","OAH-01562",21.43637597,-158.1997193,99514.751355
"Oahu","OAH-01572",21.372717,-158.1424264,45535.75
"Oahu","OAH-01587",21.39527044,-158.1888846,123554.75
"Oahu","OAH-01999",21.39930398,-158.1746716,95966.951315
"Oahu","OAH-01910",21.50545978,-158.2393174,105870.2014
"Oahu","OAH-01629",21.54116794,-158.2398734,33942.000475
"Oahu","OAH-01585",21.42258153,-158.1869048,92711.951275
"Oahu","OAH-01586",21.43641377,-158.1904031,53131.75
"Oahu","OAH-01419",21.68849431,-157.9273711,261573.5219
"Oahu","OAH-01458",21.62753155,-157.9040439,152716.75
"Oahu","OAH-01485",21.54665876,-157.8393713,204962.25
"Oahu","OAH-01380",21.34690451,-157.6696382,149309.75
"Oahu","OAH-01378",21.36820075,-157.6775579,149309.75
"Oahu","OAH-01401",21.39992894,-157.702861,140977.5
"Oahu","OAH-01428",21.40348144,-157.7157052,131725.75
"Oahu","OAH-01407",21.38044747,-157.6864096,151493.5
"Oahu","OAH-01435",21.37314012,-157.7003016,122322.75
"Oahu","OAH-01564",21.2750214,-157.8502213,19266.199625
"Oahu","OAH-01462",21.46605159,-157.7642482,179928.44785
"Oahu","OAH-01602",21.29589804,-157.9049758,19266.199625
"Oahu","OAH-01594",21.29738742,-157.8745469,19266.199625
"Oahu","OAH-01579",21.25361762,-157.7878727,30449.349765
"Oahu","OAH-01490",21.4619479,-157.777377,184600.34775
"Oahu","OAH-01560",21.24792882,-157.7792186,29626.19977
"Oahu","OAH-01442",21.49111985,-157.79455,190782.3481
"Oahu","OAH-01584",21.27144123,-157.8341653,19266.199625
"Oahu","OAH-01466",21.47722811,-157.7797944,196026.198
"Oahu","OAH-01595",21.28258246,-157.8509743,19266.199625
"Oahu","OAH-01494",21.46195091,-157.7670065,179928.44785
"Oahu","OAH-01570",21.28390529,-157.8552611,19266.199625
"Oahu","OAH-01436",21.4809806,-157.7994751,187583.423125
"Oahu","OAH-01427",21.65640134,-157.9106787,196340.598
"Oahu","OAH-01457",21.59510625,-157.8777564,172033.0483
"Oahu","OAH-01468",21.57274467,-157.8665955,180881.8482
"Wake","WAK-00430",19.27632666,166.6391839,7317.2501255
"Wake","WAK-00412",19.30470753,166.5944514,63397.90107
"Wake","WAK-00417",19.29594048,166.5995221,10673.850185
"Wake","WAK-00426",19.31630834,166.5987758,112735.02695
"Wake","WAK-00408",19.3188898,166.6005962,122006.6521
"Wake","WAK-00436",19.32384711,166.6196003,207815.15355
"Wake","WAK-00360",19.3233794,166.6200584,207815.15355
"Wake","WAK-00369",19.31885602,166.6235569,195709.653375
"Wake","WAK-00404",19.31558297,166.6422175,208920.453625
"Wake","WAK-00419",19.31354835,166.6492838,210359.85365
"Wake","WAK-00388",19.31511249,166.628203,177090.653025
"Wake","WAK-00413",19.2821888,166.6565494,128143.0022
"Wake","WAK-00429",19.28386065,166.656691,131244.7523
"Wake","WAK-00363",19.27252153,166.6481788,7173.4001245
"Wake","WAK-00383",19.29379874,166.6055498,5946.050101
"Wake","WAK-00395",19.30686596,166.5940829,90110.101575
"Wake","WAK-00433",19.32003309,166.6015081,123236.8522
"Wake","WAK-00392",19.31480605,166.6304999,160454.45285
"Wake","WAK-00434",19.29380989,166.6558421,151850.60265
"Wake","WAK-00384",19.29757956,166.652438,139435.4524
"Guam","GUA-01593",13.57233611,144.82333,8702.65015
"Guam","GUA-01552",13.55085765,144.8090198,9441.9501575
"Guam","GUA-01565",13.23113414,144.6726957,47001.95083
"Guam","GUA-01624",13.39791533,144.6539453,6822.500123
"Guam","GUA-01601",13.36006139,144.6374342,9352.200159
"Guam","GUA-01567",13.38922128,144.6541501,6153.5001175
"Guam","GUA-01560",13.29553817,144.6583306,9617.1001815
"Guam","GUA-01459",13.37528989,144.7782938,99790.65164
"Guam","GUA-01421",13.4065605,144.7856185,96272.201665
"Guam","GUA-01422",13.31136983,144.7739652,103835.55175
"Guam","GUA-01395",13.35294482,144.7755936,100823.1017
"Guam","GUA-01390",13.27698383,144.7585348,107434.1519
"Guam","GUA-01446",13.46553541,144.8568747,97037.301675
"Guam","GUA-01435",13.45442536,144.840862,96711.1516675
"Guam","GUA-01438",13.50921283,144.9001557,83443.80146
"Guam","GUA-01394",13.54090498,144.9341648,106519.7768
"Guam","GUA-01476",13.60122937,144.9466048,103949.876775
"Guam","GUA-01472",13.60560413,144.9160151,101881.05165
"Guam","GUA-01618",13.63728371,144.8894481,106200.9018
"Guam","GUA-01554",13.65671229,144.864709,111816.002
"Guam","GUA-01625",13.6539253,144.8778046,109269.8519
"Guam","GUA-01603",13.30941492,144.6477711,9565.7001685
"Guam","GUA-01639",13.3853154,144.648252,7881.2751225
"Guam","GUA-01575",13.41327064,144.6486225,6595.8001105
"Guam","GUA-01604",13.41327064,144.6486225,6595.8001105
"Guam","GUA-01619",13.48464891,144.7568656,10378.90018
"Rota","ROT-00454",14.17553491,145.1861503,49079.85085
"Rota","ROT-00462",14.17636229,145.1973457,40997.2757075
"Rota","ROT-00435",14.19599011,145.2235168,57556.55098
"Rota","ROT-00432",14.18961835,145.2165632,51172.500885
"Rota","ROT-00362",14.11354453,145.186751,16850.8336033333
"Rota","ROT-00414",14.12322555,145.1670277,5638.950098
"Rota","ROT-00422",14.13043256,145.159303,5268.300092
"Rota","ROT-00371",14.1364734,145.1413367,2547.550039
"Rota","ROT-00464",14.14389725,145.1352802,28103.550485
"Rota","ROT-00458",14.13083221,145.123886,27477.90047
"Aguijan","AGU-00302",14.83747702,145.5311874,122869.7021
"Aguijan","AGU-00308",14.83249499,145.5341003,122869.7021
"Aguijan","AGU-00281",14.85811838,145.5525452,119607.252
"Aguijan","AGU-00289",14.83510536,145.5322709,122869.7021
"Aguijan","AGU-00332",14.85345536,145.5409938,118245.752
"Tinian","TIN-00457",15.08631025,145.6580347,29893.950495
"Tinian","TIN-00456",15.02054223,145.6578092,96085.05159
"Tinian","TIN-00416",14.94519906,145.6280608,12252.500215
"Tinian","TIN-00452",14.98477598,145.6061547,12296.45021
"Tinian","TIN-00373",15.01229184,145.5862853,12201.45021
"Tinian","TIN-00362",15.07942175,145.6211512,16472.90028
"Tinian","TIN-00399",14.94182107,145.6273011,12423.500215
"Saipan","SAI-00757",15.10415968,145.7255734,3994.5500785
"Saipan","SAI-00807",15.13650636,145.686807,6276.800113
"Saipan","SAI-00703",15.17711031,145.6989794,5413.400092
"Saipan","SAI-00746",15.1825044,145.7863673,114446.902
"Saipan","SAI-00723",15.15067806,145.7778597,7909.4501415
"Saipan","SAI-00735",15.2581686,145.8191473,13451.400225
"Saipan","SAI-00695",15.16000067,145.7672299,2032.050035
"Saipan","SAI-00817",15.20341264,145.6951551,5295.5500965
"Saipan","SAI-00850",15.22938238,145.6940314,28259.050495
"Saipan","SAI-00793",15.18890172,145.7027436,5193.02509475
"Saipan","SAI-00750",15.18036995,145.6954307,5607.7000945
"Saipan","SAI-00800",15.24050055,145.6998113,31387.100555
"Saipan","SAI-00724",15.19840571,145.703115,5175.5500945
"Saipan","SAI-00732",15.16993398,145.6932758,6024.8501025
"Saipan","SAI-00739",15.25582502,145.7486577,37135.05066
"Saipan","SAI-00722",15.25457745,145.7558463,31911.00055
"Saipan","SAI-00999",15.25914894,145.8147316,23512.350405
"Saipan","SAI-00845",15.27439512,145.7924282,26692.250445
"Saipan","SAI-00847",15.2749236,145.829039,125979.57725
"Saipan","SAI-00733",15.19668365,145.7806777,107743.15195
"Sarigan","SAR-00243",16.70018552,145.7889932,105789.8018
"Sarigan","SAR-00212",16.71584224,145.7836267,120510.75215
"Sarigan","SAR-00210",16.69240762,145.7768211,24450.300425
"Pagan","PAG-00617",18.10219151,145.789435,10944.00018
"Pagan","PAG-00555",18.10662352,145.7796519,9674.82516025
"Pagan","PAG-00525",18.05205331,145.733113,98848.501685
"Pagan","PAG-00548",18.07964922,145.7530772,76282.40129
"Pagan","PAG-00575",18.05714121,145.7070448,41158.700745
"Pagan","PAG-00557",18.05942385,145.7104697,32721.8755925
"Pagan","PAG-00577",18.11054617,145.7528987,17018.900275
"Pagan","PAG-00532",18.12286564,145.7583774,11089.450175
"Pagan","PAG-00573",18.14487602,145.8119628,137231.85235
"Pagan","PAG-00547",18.13126691,145.8101656,133884.72725
"Pagan","PAG-00562",18.10589371,145.7967282,91105.05156
"Pagan","PAG-00553",18.10164803,145.7943062,56405.250965
"Pagan","PAG-00507",18.15788423,145.8093332,143819.77745
"Pagan","PAG-00506",18.15446458,145.8074114,133603.05225
"Pagan","PAG-00510",18.13785709,145.8095592,133297.00225
"Pagan","PAG-00588",18.11643337,145.8038042,116805.80195
"Pagan","PAG-00609",18.14753484,145.753395,26663.800445
"Pagan","PAG-00556",18.16903375,145.7868751,133162.95235
"Asuncion","ASC-00308",19.70798629,145.4021466,139965.4524
"Asuncion","ASC-00312",19.69081806,145.4190759,138921.5024
"Asuncion","ASC-00317",19.67973073,145.4137025,126439.65215
"Asuncion","ASC-00309",19.67508087,145.4058631,101191.90175
"Asuncion","ASC-00339",19.67406079,145.401141,75564.951335
"Asuncion","ASC-00324",19.6835315,145.3880087,28655.125495
"Asuncion","ASC-00307",19.67648928,145.3972332,32242.850595
"Asuncion","ASC-00303",19.68027539,145.3939749,19636.800325
"Asuncion","ASC-00318",19.70141505,145.392812,61312.9760375
"Asuncion","ASC-00305",19.68972648,145.3895483,26755.35046
"Asuncion","ASC-00316",19.68937361,145.3889001,27281.650465
"Farallon de Pajaros","FDP-00239",20.54211608,144.8856573,48082.8009
"Farallon de Pajaros","FDP-00221",20.54950506,144.885815,87713.5765325
"Farallon de Pajaros","FDP-00230",20.54501178,144.9038744,152194.75265
"Farallon de Pajaros","FDP-00247",20.54068043,144.9029646,130426.80225
"Farallon de Pajaros","FDP-00208",20.53554819,144.8947692,109615.951925
"Farallon de Pajaros","FDP-00212",20.53679139,144.8886832,49902.0508075
"Asuncion","ASC-00337",19.68447195,145.3872368,33560.750615
"Farallon de Pajaros","FDP-00227",20.55177966,144.896399,142014.9524
"Maug","MAU-00603",20.02902534,145.2123045,1975.0000375
"Maug","MAU-00551",20.02304711,145.2101305,2617.600038
"Maug","MAU-00539",20.02320075,145.2297858,4510.450084
"Maug","MAU-00541",20.02986143,145.2102009,81611.201415
"Maug","MAU-00613",20.0091086,145.2198723,53152.1009
"Maug","MAU-00607",20.01732781,145.2393667,137203.50235
"Maug","MAU-00593",20.01076235,145.2293964,97458.201685
"Maug","MAU-00550",20.01352837,145.208375,29442.550545
"Maug","MAU-00604",20.03323372,145.2315601,131047.05225
"Maug","MAU-00575",20.03433963,145.2278037,129479.2022
"Maug","MAU-00571",20.03422472,145.2172435,88181.351505
"Maug","MAU-00588",20.03283,145.21475,81167.201385
"Maug","MAU-00612",20.03480977,145.2144497,103974.5768175
"Maug","MAU-00564",20.03637208,145.2201645,138689.3024
"Maug","MAU-00554",20.03227442,145.2307175,131047.05225
"Maug","MAU-00533",20.03014499,145.234625,132680.45225
"Maug","MAU-00596",20.02493732,145.2374739,128499.30225
"Maug","MAU-00557",20.02611171,145.2366908,127520.60225
"Maug","MAU-00585",20.01983877,145.2394524,134715.9023
"Maug","MAU-00594",20.01337934,145.2337041,100914.1518
"Maug","MAU-00584",20.01595217,145.2369794,119740.902
"Maug","MAU-00586",20.01115303,145.2138553,56808.925995
"Saipan","SAI-00684",15.25950937,145.7725304,26884.350445
"Saipan","SAI-00708",15.24588316,145.7032444,35005.8756225
"Howland","HOW-00604",0.80820448,-176.6101181,131283.37725
"Howland","HOW-00646",0.81138792,-176.6115969,130371.02725
"Howland","HOW-00655",0.8152084,-176.6132567,129924.5022
"Howland","HOW-00611",0.795743,-176.610971,117060.252025
"Howland","HOW-00690",0.794014,-176.61198,111060.776825
"Howland","HOW-00648",0.79953,-176.610245,122138.2521
"Howland","HOW-00617",0.80368252,-176.609552,130386.7023
"Howland","HOW-00694",0.80773995,-176.6102771,132020.4023
"Howland","HOW-00688",0.80158,-176.621031,58694.026045
"Howland","HOW-00636",0.8146681,-176.6238552,70876.05121
"Howland","HOW-00697",0.80431595,-176.6210289,55231.350935
"Howland","HOW-00607",0.82446537,-176.6221787,143987.90255
"Howland","HOW-00600",0.80832291,-176.6219684,55650.0009425
"Howland","HOW-00647",0.81279885,-176.6233491,61750.7010625
"Howland","HOW-00672",0.802671,-176.610044,130355.8523
"Howland","HOW-00642",0.80646783,-176.6214301,54646.625925
"Howland","HOW-00640",0.8049,-176.609592,137683.6524
"Howland","HOW-00650",0.798214,-176.62,57345.451015
"Howland","HOW-00687",0.8120516,-176.6121781,130390.47725
"Howland","HOW-00686",0.816075,-176.624439,75897.051335
"Howland","HOW-00699",0.794404,-176.618332,103292.75175
"Baker","BAK-00497",0.20374361,-176.4740814,127185.2522
"Baker","BAK-00480",0.20167002,-176.46816,133932.6523
"Baker","BAK-00506",0.18870179,-176.4814604,57615.750955
"Baker","BAK-00408",0.20587329,-176.480385,124873.252175
"Baker","BAK-00457",0.20426128,-176.4727684,127890.0022
"Baker","BAK-00454",0.19582934,-176.4865185,79679.90137
"Baker","BAK-00490",0.19641875,-176.4860113,82606.5514275
"Baker","BAK-00407",0.18995907,-176.4583931,149387.05265
"Baker","BAK-00418",0.18615771,-176.4660629,128157.0022
"Baker","BAK-00452",0.19465336,-176.4604285,149622.25265
"Baker","BAK-00462",0.18692994,-176.4677742,119507.30205
"Baker","BAK-00469",0.18768045,-176.4744271,96675.7016525
"Baker","BAK-00441",0.20092394,-176.4656205,146471.6775
"Baker","BAK-00467",0.19919434,-176.4637309,147836.95255
"Baker","BAK-00445",0.18887714,-176.4853082,61418.201075
"Swains","SWA-00530",-11.05023167,-171.066259,110827.8769
"Swains","SWA-00581",-11.0469225,-171.0693931,103280.1018
"Tutuila","TUT-01991",-14.364113,-170.768151,77810.7512875
"Tutuila","TUT-02026",-14.362775,-170.763861,58785.151025
"Tutuila","TUT-01985",-14.36681371,-170.7633326,63645.6011125
"Tutuila","TUT-02006",-14.36939559,-170.7621121,65572.4761425
"Tutuila","TUT-02005",-14.363325,-170.767599,73573.826225
"Tutuila","TUT-02022",-14.363563,-170.762244,49513.70085875
"Tutuila","TUT-02016",-14.36540823,-170.7630002,53616.810932
"Tutuila","TUT-02027",-14.3657793,-170.7615768,26844.925458375
"Swains","SWA-00500",-11.05434165,-171.0639368,124887.10215
"Swains","SWA-00546",-11.05350237,-171.0922254,70551.851205
"Swains","SWA-00510",-11.06085322,-171.0898058,73231.40128
"Swains","SWA-00516",-11.067416,-171.076315,104338.201775
"Swains","SWA-00608",-11.064143,-171.086374,81525.301445
"Swains","SWA-00509",-11.04621,-171.08088,69897.42619
"Swains","SWA-00536",-11.045768,-171.076738,78560.9763625
"Swains","SWA-00585",-11.046903,-171.084229,68284.251155
"Swains","SWA-00522",-11.06358,-171.070922,102280.00175
"Swains","SWA-00576",-11.048145,-171.088706,65170.40115
"Swains","SWA-00604",-11.060624,-171.089674,73231.40128
"Swains","SWA-00541",-11.061995,-171.088665,74968.101325
"Swains","SWA-00606",-11.057535,-171.091218,70450.95122
"Swains","SWA-00545",-11.06777817,-171.0823078,103593.5268
"Swains","SWA-00559",-11.06126468,-171.0685849,102303.72675
"Swains","SWA-00609",-11.05210703,-171.0922486,69975.851215
"Tutuila","TUT-02070",-14.34218718,-170.7195479,121382.95205
"Tutuila","TUT-02137",-14.34815518,-170.7267763,126124.9522
"Tutuila","TUT-01511",-14.25132098,-170.6513173,10670.30019
"Tutuila","TUT-01535",-14.24885896,-170.6713187,10658.750185
"Tutuila","TUT-01526",-14.24650406,-170.5796353,28831.9504775
"Tutuila","TUT-01783",-14.28062285,-170.5449018,100767.951756667
"Tutuila","TUT-01744",-14.28367219,-170.5369313,151437.75265
"Tutuila","TUT-01652",-14.29068214,-170.7894326,23487.15038
"Tutuila","TUT-01601",-14.29099378,-170.8018875,24252.4337166667
"Tutuila","TUT-01623",-14.30099373,-170.8181388,19559.850335
"Tutuila","TUT-01585",-14.31243779,-170.8365088,25987.20044
"Tutuila","TUT-01837",-14.262152,-170.557641,70470.35126
"Tutuila","TUT-01923",-14.261992,-170.557989,70470.35126
"Tutuila","TUT-01822",-14.29051,-170.65157,124176.7522
"Tutuila","TUT-01913",-14.273072,-170.570822,76859.50131
"Tutuila","TUT-01858",-14.28371,-170.62837,121583.65215
"Tutuila","TUT-01715",-14.29024838,-170.5505429,132092.327325
"Tutuila","TUT-01934",-14.278025,-170.578767,105845.4519
"Tutuila","TUT-01513",-14.24907,-170.583341,22419.80038
"Tutuila","TUT-01517",-14.255395,-170.625903,7695.1501165
"Tutuila","TUT-01525",-14.254759,-170.558864,74077.95126
"Tutuila","TUT-01522",-14.255843,-170.60548,18122.850305
"Tutuila","TUT-01568",-14.248825,-170.62655,29446.30049
"Tutuila","TUT-01583",-14.249659,-170.583157,22419.80038
"Tutuila","TUT-01561",-14.247019,-170.567499,33431.3172516667
"Tutuila","TUT-01551",-14.249868,-170.562283,69059.42623
"Tutuila","TUT-01590",-14.237285,-170.673834,35131.000625
"Tutuila","TUT-01646",-14.25176,-170.697108,25361.55044
"Tutuila","TUT-01663",-14.261661,-170.706756,17465.6503
"Tutuila","TUT-01654",-14.285999,-170.724148,15103.250265
"Tutuila","TUT-01595",-14.28528,-170.73782,21322.000365
"Tutuila","TUT-01628",-14.28881,-170.78067,23518.20038
"Tutuila","TUT-01905",-14.27423,-170.61926,101957.25185
"Tutuila","TUT-01635",-14.28641,-170.72401,15103.250265
"Tutuila","TUT-01987",-14.36670408,-170.7633485,63645.6011125
"Tutuila","TUT-01871",-14.28818,-170.64116,123701.80215
"Tutuila","TUT-01981",-14.363104,-170.753147,96430.60166
"Tutuila","TUT-01952",-14.362481,-170.746496,91185.35161
"Tutuila","TUT-01966",-14.368155,-170.75386,125040.0772
"Tutuila","TUT-02065",-14.339877,-170.790903,63381.75111
"Tutuila","TUT-02044",-14.36335701,-170.781853,111835.602
"Tutuila","TUT-02086",-14.35459734,-170.787302,78137.9513675
"Tutuila","TUT-02032",-14.35409937,-170.7879448,76307.451295
"Tutuila","TUT-02116",-14.33431615,-170.8162656,95917.551665
"Tutuila","TUT-02106",-14.32947191,-170.831316,98927.9517275
"Tutuila","TUT-01828",-14.312528,-170.646729,128246.10225
"Tutuila","TUT-01854",-14.31619,-170.65031,128868.75225
"Tutuila","TUT-02095",-14.300762,-170.681107,120940.9021
"Tutuila","TUT-01864",-14.318459,-170.658108,129245.95225
"Tutuila","TUT-01887",-14.322459,-170.669159,129081.95225
"Tutuila","TUT-02036",-14.30048,-170.68234,120133.00205
"Tutuila","TUT-02056",-14.336865,-170.704707,129139.80225
"Tutuila","TUT-02110",-14.337328,-170.707369,128925.85225
"Tutuila","TUT-02079",-14.303933,-170.687805,119107.102
"Tutuila","TUT-02094",-14.316462,-170.693704,122180.2021
"Tutuila","TUT-01936",-14.291433,-170.661337,124701.7522
"Tutuila","TUT-02085",-14.333137,-170.698632,128999.80225
"Ofu & Olosega","OFU-00721",-14.16276248,-169.663283,44655.55072
"Ofu & Olosega","OFU-00669",-14.16467532,-169.6419309,40920.650705
"Ofu & Olosega","OFU-00764",-14.16269668,-169.6666443,44723.050755
"Ofu & Olosega","OFU-00728",-14.16425698,-169.6519034,42282.60072
"Ofu & Olosega","OFU-00722",-14.18606065,-169.6074286,101816.901795
"Ofu & Olosega","OFU-00655",-14.16261664,-169.6066056,85341.42648
"Ofu & Olosega","OFU-00750",-14.19067757,-169.6163635,90612.85154
"Ofu & Olosega","OFU-00744",-14.18412326,-169.624217,85198.451425
"Tau","TAU-00607",-14.210601,-169.42477,84196.40144
"Tau","TAU-00694",-14.210131,-169.4513,41313.050685
"Tau","TAU-00632",-14.2173,-169.4176,123227.07715
"Rose","ROS-00587",-14.553593,-168.143208,151001.5526
"Rose","ROS-00645",-14.558073,-168.161555,137011.20235
"Rose","ROS-00637",-14.548326,-168.168903,129579.6522
"Rose","ROS-00674",-14.556369,-168.150618,148940.90255
"Rose","ROS-00606",-14.54067769,-168.1447391,71743.8762525
"Rose","ROS-00585",-14.53631348,-168.1658033,44714.80079
"Rose","ROS-00627",-14.530823,-168.1554451,49632.45086
"Rose","ROS-00661",-14.54353793,-168.14257,77487.351345
"Rose","ROS-00644",-14.552974,-168.142061,152922.55265
"Rose","ROS-00607",-14.536258,-168.163982,43569.9007675
"Rose","ROS-00659",-14.54222,-168.17239,136494.9274
"Tau","TAU-00626",-14.244185,-169.418777,136577.95235
"Tau","TAU-00624",-14.212898,-169.467354,36571.60064
"Tau","TAU-00668",-14.210894,-169.434278,40058.250705
"Tau","TAU-00692",-14.2106,-169.454036,41918.50074
"Tau","TAU-00689",-14.215871,-169.492143,34546.3255925
"Tau","TAU-00676",-14.215282,-169.483875,36797.4506425
"Tau","TAU-00637",-14.21393,-169.47638,37208.60065
"Tau","TAU-00654",-14.216158,-169.500079,34350.2506
"Ofu & Olosega","OFU-00652",-14.1792636,-169.6280905,80844.6513833333
"Ofu & Olosega","OFU-00686",-14.173137,-169.642443,87435.0764825
"Ofu & Olosega","OFU-00715",-14.162101,-169.607308,83808.863945
"Ofu & Olosega","OFU-00694",-14.17849355,-169.6054281,103043.40175
"Ofu & Olosega","OFU-00700",-14.16316138,-169.6225929,37762.20066
"Ofu & Olosega","OFU-00720",-14.153077,-169.616097,63924.75114
"Ofu & Olosega","OFU-00761",-14.163522,-169.624126,38159.5006666667
"Ofu & Olosega","OFU-00751",-14.16216427,-169.6080393,73931.701265
"Tau","TAU-00618",-14.25398231,-169.4438187,122333.2521
"Tau","TAU-00627",-14.25003,-169.459127,122939.5021
"Tau","TAU-00738",-14.27489307,-169.49272,148629.07755
"Tau","TAU-00683",-14.26334331,-169.4760553,135091.90235
"Tau","TAU-00723",-14.27369295,-169.4948855,145273.277525
"Tau","TAU-00736",-14.26697452,-169.4972167,110766.05185
"Tau","TAU-00765",-14.2647596,-169.49849,109596.65185
"Tau","TAU-00722",-14.264312,-169.499606,105822.10185
"Tau","TAU-00625",-14.226333,-169.518639,102117.35175
"Tau","TAU-00680",-14.239301,-169.514365,104702.1518
"Ofu & Olosega","OFU-00765",-14.173784,-169.680967,76404.65129
"Ofu & Olosega","OFU-00706",-14.181742,-169.679013,112501.05195
"Ofu & Olosega","OFU-00660",-14.177977,-169.680921,95739.55165
"Ofu & Olosega","OFU-00672",-14.159351,-169.668694,46953.20078
"Ofu & Olosega","OFU-00710",-14.160125,-169.683234,45486.000785
"Ofu & Olosega","OFU-00667",-14.173874,-169.685085,99178.0017016667
"Ofu & Olosega","OFU-00789",-14.163892,-169.685059,43260.6864642857
"Ofu & Olosega","OFU-00661",-14.18304325,-169.653555,94720.201635
"Ofu & Olosega","OFU-00743",-14.17383347,-169.6318092,77492.05134
"Ofu & Olosega","OFU-00760",-14.17328822,-169.6316103,77492.05134
"Ofu & Olosega","OFU-00740",-14.19343488,-169.6139006,90676.501545
"Ofu & Olosega","OFU-00651",-14.189724,-169.66959,106686.7019
"Ofu & Olosega","OFU-00712",-14.186409,-169.66385,97655.151685
"Ofu & Olosega","OFU-00692",-14.174658,-169.64579,88699.05151
"Ofu & Olosega","OFU-00781",-14.179571,-169.651591,91390.401585
"Tutuila","TUT-02020",-14.370317,-170.761481,64334.95112
"Tutuila","TUT-01996",-14.362804,-170.765738,67722.851145
"Tutuila","TUT-02014",-14.362508,-170.765835,67722.851145
"Tutuila","TUT-02024",-14.364642,-170.760585,6078.9001035
"Tutuila","TUT-01944",-14.36932024,-170.754188,128563.35225
"Tutuila","TUT-01962",-14.36487104,-170.7433423,94708.30167
"Tutuila","TUT-02109",-14.35887102,-170.7832159,104152.6519
"Tutuila","TUT-01750",-14.27675,-170.508913,154482.20265
"Tutuila","TUT-01784",-14.280805,-170.546136,83880.05145
"Tutuila","TUT-01763",-14.27307973,-170.5079594,154667.9027
"Tutuila","TUT-01751",-14.276838,-170.5446898,98503.25182
"Tutuila","TUT-01774",-14.27933858,-170.5491501,61212.9510925
"Tutuila","TUT-01801",-14.279513,-170.548763,54649.10099
"Tutuila","TUT-01795",-14.27576596,-170.5465366,98503.25182
"Tutuila","TUT-01785",-14.277842,-170.544995,118028.902
"Tutuila","TUT-01708",-14.2941,-170.56208,130999.6023
"Tutuila","TUT-01699",-14.287789,-170.564075,115196.60205
"Tutuila","TUT-01685",-14.299791,-170.567801,131531.8023
"Tutuila","TUT-01855",-14.28335,-170.562667,79116.1680816667
"Tutuila","TUT-01727",-14.287994,-170.563112,118742.1521
"Tutuila","TUT-01872",-14.286201,-170.60006,122384.70215
"Tutuila","TUT-01723",-14.288373,-170.562001,122287.70215
"Tutuila","TUT-01972",-14.360482,-170.748394,85162.9265025
"Tutuila","TUT-01878",-14.293548,-170.653293,125337.2022
"Jarvis","JAR-00659",-0.37395,-159.97749,150737.3027
"Jarvis","JAR-00699",-0.36996,-159.98013,145835.2275
"Jarvis","JAR-00721",-0.37949,-159.98065,122715.15215
"Jarvis","JAR-00608",-0.373127,-159.973552,154138.3027
"Jarvis","JAR-00662",-0.373004,-159.975714,152250.4777
"Jarvis","JAR-00647",-0.378545,-159.97484,146465.4025
"Jarvis","JAR-00688",-0.376793,-159.983669,113333.052
"Jarvis","JAR-00708",-0.381322,-159.998861,87496.001525
"Jarvis","JAR-00642",-0.367656,-159.979192,149103.919216667
"Jarvis","JAR-00704",-0.367292,-159.983547,117106.202
"Jarvis","JAR-00722",-0.371991,-159.983622,87249.55152
"Jarvis","JAR-00605",-0.362147,-159.993557,99757.651735
"Jarvis","JAR-00674",-0.362841,-159.992036,99829.501735
"Jarvis","JAR-00696",-0.362779,-160.000966,94355.90159
"Jarvis","JAR-00667",-0.361963,-159.995603,97484.401665
"Jarvis","JAR-00617",-0.382556,-159.973475,147574.027525
"Jarvis","JAR-00657",-0.381906,-159.994002,89765.226565
"Jarvis","JAR-00730",-0.381507,-160.006563,88269.801515
"Jarvis","JAR-00602",-0.378432,-160.015921,121010.452025
"Jarvis","JAR-00694",-0.380621,-160.013584,132764.70225
"Jarvis","JAR-00627",-0.381946,-160.000731,87739.001535
"Jarvis","JAR-00663",-0.381409,-160.01217,125867.3522
"Jarvis","JAR-00615",-0.37127,-160.01068,81696.1514
"Jarvis","JAR-00637",-0.369353,-160.008288,64609.6010766667
"Jarvis","JAR-00644",-0.372239,-160.011839,96948.30166
"Jarvis","JAR-00682",-0.377177,-160.014407,113564.15195
"Jarvis","JAR-00631",-0.364474,-159.985321,104642.10175
"Jarvis","JAR-00634",-0.36461,-159.984902,108303.65185
"Jarvis","JAR-00661",-0.381541,-159.979143,127066.10225
"Jarvis","JAR-00653",-0.382137,-159.984282,117136.802
"Jarvis","JAR-00669",-0.381946,-159.989182,99539.80174
"Jarvis","JAR-00638",-0.381288,-159.990346,98838.301725
"Jarvis","JAR-00645",-0.366675,-159.980674,142618.677475
"Jarvis","JAR-00728",-0.36427,-159.9883,99930.301685
"Jarvis","JAR-00649",-0.376656,-160.0144,111292.50195
"Jarvis","JAR-00625",-0.382336,-160.0027,88427.176555
"Jarvis","JAR-00613",-0.369353,-159.9768,152559.90265
"Jarvis","JAR-00665",-0.376686,-159.9738,152590.877675
"Jarvis","JAR-00622",-0.362386,-159.9941,99757.651735
"Jarvis","JAR-00628",-0.381969,-159.9915,92587.70162
"Jarvis","JAR-00668",-0.38129,-159.9975,87279.7765225
"Jarvis","JAR-00707",-0.362719,-159.9978,94266.60162
"Palmyra","PAL-00690",5.869653,-162.0797,40081.1506825
"Palmyra","PAL-00740",5.866144,-162.0486,41703.75072
"Palmyra","PAL-00752",5.866263,-162.0408,41183.250715
"Palmyra","PAL-00775",5.878011,-162.0393,0
"Palmyra","PAL-00745",5.874961,-162.0162,139729.75245
"Palmyra","PAL-00773",5.896847,-162.0777,106211.60185
"Palmyra","PAL-00774",5.898115,-162.0664,133106.25235
"Palmyra","PAL-00751",5.896483,-162.0959,124886.30215
"Palmyra","PAL-00689",5.875799,-162.0017,171859.153
"Palmyra","PAL-00720",5.867065,-162.0168,127340.1522
"Palmyra","PAL-00772",5.869855,-162.0894,41084.500715
"Palmyra","PAL-00693",5.866396,-162.1026,43502.100745
"Palmyra","PAL-00620",5.868796,-162.0723,37592.90064
"Palmyra","PAL-00630",5.867521,-162.0661,40891.6673783333
"Palmyra","PAL-00713",5.866319,-162.1056,43502.100745
"Palmyra","PAL-00613",5.867066,-162.0979,42511.30073
"Palmyra","PAL-00760",5.898305,-162.062,135430.3523
"Palmyra","PAL-00621",5.896389,-162.08,74775.501355
"Palmyra","PAL-00714",5.889662,-162.1577,155966.002725
"Palmyra","PAL-00744",5.866912,-162.127,64222.0510925
"Palmyra","PAL-00660",5.897332,-162.1454,157094.8527
"Palmyra","PAL-00677",5.871585,-162.1491,85578.80145
"Palmyra","PAL-00856",5.866068,-162.0479,41703.75072
"Palmyra","PAL-00692",5.882568,-162.1528,81893.451375
"Palmyra","PAL-00731",5.877114,-162.1385,72571.47623
"Palmyra","PAL-00703",5.876438,-162.1285,53585.200895
"Palmyra","PAL-00743",5.886027,-162.1342,56535.80094
"Palmyra","PAL-00671",5.872419,-162.1355,71477.101195
"Palmyra","PAL-00710",5.879649,-162.1319,56067.050935
"Palmyra","PAL-00695",5.874311,-162.1279,53585.200895
"Palmyra","PAL-00753",5.874414,-162.1143,0
"Palmyra","PAL-00742",5.89554,-162.1328,124565.95215
"Palmyra","PAL-00788",5.886407,-162.1137,0
"Palmyra","PAL-00765",5.882814,-162.1221,0
"Palmyra","PAL-00766",5.889337,-162.1267,31660.35054
"Palmyra","PAL-00666",5.870733,-162.1309,62878.351065
"Palmyra","PAL-00763",5.876827,-162.1114,0
"Palmyra","PAL-00783",5.869608,-162.1128,43502.100745
"Palmyra","PAL-00648",5.868711,-162.0704,40456.45067
"Kingman","KIN-00450",6.379928,-162.4109,30510.625545
"Kingman","KIN-00474",6.382111,-162.3806,24280.1504
"Kingman","KIN-00480",6.379612,-162.3696,32624.75057
"Kingman","KIN-00492",6.381756,-162.3757,24220.9504
"Kingman","KIN-00448",6.396561,-162.3356,158780.45275
"Kingman","KIN-00463",6.403327,-162.3423,158569.7528
"Kingman","KIN-00574",6.381415,-162.4518,31455.800505
"Kingman","KIN-00610",6.382821,-162.4357,0
"Kingman","KIN-00548",6.391167,-162.4797,96349.451665
"Kingman","KIN-00477",6.378417,-162.4209,32230.850565
"Kingman","KIN-00488",6.415133,-162.3548,164819.4528
"Kingman","KIN-00556",6.409116,-162.4572,79006.251335
"Kingman","KIN-00586",6.401031,-162.4682,92237.801565
"Kingman","KIN-00588",6.406631,-162.4499,77320.45131
"Kingman","KIN-00599",6.413521,-162.4396,71160.50122
"Kingman","KIN-00440",6.448944,-162.3993,166814.70285
"Kingman","KIN-00652",6.411005,-162.4396,71160.50122
"French Frigate","FFS-04112",23.62992,-166.1115,58662.1260225
"French Frigate","FFS-04110",23.63911,-166.1764,15051.65025
"French Frigate","FFS-04153",23.88084,-166.2357,277574.10495
"French Frigate","FFS-04154",23.88237,-166.2626,274407.7549
"French Frigate","FFS-04155",23.87837,-166.2747,260717.6047
"Pearl & Hermes","PHR-04018",27.96677,-175.7707,315222.38045
"Pearl & Hermes","PHR-04085",27.93666,-175.868,285065.40485
"Pearl & Hermes","PHR-04014",27.95586,-175.8358,289735.95495
"Pearl & Hermes","PHR-04099",27.78191,-175.8836,30816.60054
"Pearl & Hermes","PHR-04006",27.75476,-175.9417,37695.350625
"Pearl & Hermes","PHR-04007",27.77007,-175.8974,34576.500595
"Pearl & Hermes","PHR-04100",27.77282,-175.9833,224605.7538
"Pearl & Hermes","PHR-04016",27.84424,-175.993,270433.70465
"Pearl & Hermes","PHR-04102",27.85966,-175.9545,258831.20445
"Kure","KUR-04003",28.38796,-178.3624,241398.154
"Kure","KUR-04010",28.38538,-178.3401,34044.3755875
"Kure","KUR-04011",28.39564,-178.3703,237904.85405
"Kure","KUR-04016",28.42291,-178.3742,285079.7049
"Kure","KUR-04017",28.44404,-178.3568,0
"Kure","KUR-04002",28.45335,-178.3542,305428.4051
"Lisianski","LIS-04103",26.06225,-174.016,250776.6544
"Lisianski","LIS-04128",26.07084,-173.9973,258063.10445
"Lisianski","LIS-04110",26.04202,-174.0178,230060.05395
"Lisianski","LIS-04116",26.01997,-173.9856,196027.15345
"Lisianski","LIS-04124",25.98984,-173.9759,201927.75355
"Lisianski","LIS-04136",26.04746,-173.9641,87047.251455
"Lisianski","LIS-04125",25.94525,-173.9709,217096.5537
"Lisianski","LIS-04121",25.94626,-173.9424,184504.2532
"Lisianski","LIS-04117",25.96678,-173.9792,204220.20355
"Lisianski","LIS-04105",26.09985,-173.9815,292611.855
"Lisianski","LIS-04115",26.08264,-173.9288,290826.75485
"Laysan","LAY-05016",25.7769,-171.7444,258591.05445
"Laysan","LAY-05007",25.78959,-171.74,298967.30515
"Laysan","LAY-05002",25.78433,-171.7582,258512.10445
"Laysan","LAY-05010",25.76528,-171.7502,214693.3537
"Laysan","LAY-05008",25.77293,-171.7634,253403.45435
"Maui","MAI-02165",20.76016,-156.4683,0
"Maui","MAI-02184",20.6385,-156.4519,0
"Maui","MAI-02188",20.75391,-156.4683,0
"Maui","MAI-02109",20.94041,-156.2627,148778.55255
"Maui","MAI-02104",20.8295,-156.0858,148526.0025
"Kahoolawe","KAH-00385",20.60233,-156.5905,0
"Kahoolawe","KAH-00370",20.60883,-156.5705,324.79999735
"Kahoolawe","KAH-00336",20.53455,-156.6985,30583.5
"Kahoolawe","KAH-00358",20.56181,-156.6596,1271.7500105
"Kahoolawe","KAH-00369",20.5797,-156.6251,322.5
"Kahoolawe","KAH-00363",20.5545,-156.6793,4282.00011
"Kahoolawe","KAH-00327",20.52063,-156.6963,36564.150515
"Maui","MAI-02307",20.90757,-156.6893,0
"Maui","MAI-02309",20.81922,-156.6306,0
"Molokai","MOL-02115",21.15767,-157.281,147689.9016
"Molokai","MOL-02126",21.11992,-157.3003,150007.00455
"Molokai","MOL-02116",21.09418,-157.3042,112838.5
"Molokai","MOL-02105",21.08267,-157.2556,19266.199625
"Lanai","LAN-01600",20.89418,-156.8594,28851.75
"Lanai","LAN-01618",20.92628,-156.9324,48563.499425
"Lanai","LAN-01648",20.93127,-156.9851,51647.04995
"Lanai","LAN-01643",20.9284,-157.017,50354.849405
"Lanai","LAN-01662",20.75417,-156.8456,19266.199625
"Lanai","LAN-01701",20.78408,-156.8174,23081.599555
"Lanai","LAN-01693",20.73545,-156.9213,19298.999625
"Lanai","LAN-01679",20.73176,-156.9553,19315.399625
"Kauai","KAU-01729",21.9537,-159.7081,19872.40004
"Kauai","KAU-01739",21.92225,-159.6456,19975.849615
"Kauai","KAU-01748",21.88926,-159.5861,19922.19961
"Kauai","KAU-01764",21.93289,-159.6694,19938.499615
"Kauai","KAU-01732",21.88535,-159.5067,19528.59962
"Kauai","KAU-01785",21.885,-159.5367,19298.999625
"Kauai","KAU-01704",21.87967,-159.5099,19790.999615
"Kauai","KAU-01815",22.20766,-159.6162,179416.60125
"Kauai","KAU-01848",22.16623,-159.687,183658.6013
"Kauai","KAU-01875",22.11611,-159.7388,149444.75
"Kauai","KAU-01851",22.07709,-159.7767,156292.5
"Kauai","KAU-01874",22.07064,-159.7795,162185.625
"Kauai","KAU-01799",22.15704,-159.7249,187985.605
"Kauai","KAU-01766",22.08463,-159.301,135588.5
"Kauai","KAU-01709",22.11824,-159.2871,148722.25
"Kauai","KAU-01763",21.98523,-159.3309,126180.75
"Kauai","KAU-01771",21.9309,-159.3619,118656.5
"Niihau","NII-01726",21.96689,-160.1311,148807.6029
"Niihau","NII-01736",21.9281,-160.1851,155881.25
"Niihau","NII-01719",21.86845,-160.2363,148365.60455
"Niihau","NII-01745",21.80794,-160.2433,150720.5
"Hawaii","HAW-03261",19.08456,-155.5428,46531.800805
"Hawaii","HAW-03291",18.944,-155.6307,52008.30092
"Hawaii","HAW-03281",19.02523,-155.5704,50200.150895
"Hawaii","HAW-03288",18.96514,-155.62,9912.900173
"Hawaii","HAW-03132",19.54405,-154.8445,100668.5517
"Hawaii","HAW-03151",19.5992,-154.9366,86527.201495
"Hawaii","HAW-03157",19.741,-155.0308,83762.2764225
"Hawaii","HAW-03204",19.64395,-154.981,74066.876245
"Hawaii","HAW-03148",19.45348,-154.8422,59582.051025
"Hawaii","HAW-03172",19.46677,-154.8315,58431.30103
"Hawaii","HAW-03186",19.5805,-154.9122,92791.80162
"Hawaii","HAW-03192",19.53519,-154.8339,101044.2517
"Hawaii","HAW-03095",19.47918,-155.9329,32.000001195
"Hawaii","HAW-03042",19.54732,-155.9618,5265.7500855
"Hawaii","HAW-03106",19.64897,-156.0288,99.40000224
"Hawaii","HAW-03326",19.73307,-156.0568,5539.1501065
"Hawaii","HAW-03057",19.38397,-155.9034,4032.400069
"Hawaii","HAW-03321",19.15241,-155.9161,18153.3003
"Hawaii","HAW-03084",19.16825,-155.909,20104.75034
"Hawaii","HAW-03008",19.20787,-155.9032,19049.950315
"Hawaii","HAW-03087",19.26251,-155.896,23456.000415
"Lanai","LAN-01721",20.74256,-156.9711,65052.800915
"Lanai","LAN-01681",20.81752,-156.802,26795.90031
"Lanai","LAN-01661",20.85728,-156.8223,14109.20031
"Lanai","LAN-01724",20.75949,-156.8354,19266.199625
"Lanai","LAN-01684",20.74099,-156.8808,19266.199625
"Lanai","LAN-01671",20.83338,-156.8071,13772.27518
"Lanai","LAN-01695",20.75684,-156.847,19266.199625
"Maui","MAI-02206",20.79162,-156.5735,0
"Maui","MAI-02192",20.8001,-156.5978,0
"Maui","MAI-02196",20.80389,-156.6171,0
"Maui","MAI-02178",20.73486,-156.4669,0
"Hawaii","HAW-03336",19.8344,-155.9933,4954.3000885
"Hawaii","HAW-03079",19.87484,-155.9204,1816.6000335
"Hawaii","HAW-03010",19.95788,-155.8615,39.050000905
"Hawaii","HAW-03317",19.85387,-155.958,4168.350072
"Hawaii","HAW-03115",19.92627,-155.8901,878.50001705
"Hawaii","HAW-03085",19.97992,-155.8311,11.85000038
"Hawaii","HAW-03075",20.06528,-155.8544,51.300000785
"Hawaii","HAW-03077",20.13448,-155.8935,58.70000124
"Hawaii","HAW-03009",20.21626,-155.9036,8761.350145
"Oahu","OAH-02833",21.29558,-157.9794,19528.59962
"Oahu","OAH-02817",21.29099,-157.865,19266.199625
"Oahu","OAH-02846",21.26175,-157.7458,20016.64961
"Oahu","OAH-02810",21.24728,-157.7825,29626.19977
"Oahu","OAH-02814",21.31227,-158.1279,108545.5
"Oahu","OAH-02909",21.33438,-158.1253,95966.951315
"Oahu","OAH-02858",21.37195,-158.1467,56529.349565
"Oahu","OAH-02906",21.39559,-158.1645,95966.951315
"Oahu","OAH-02594",21.56848,-158.2782,45559.25
"Oahu","OAH-02605",21.56482,-158.2672,25602.15035
"Oahu","OAH-02843",21.45644,-158.2142,105870.2014
"Oahu","OAH-02597",21.5575,-158.2542,37893.85053
"Oahu","OAH-02758",21.60362,-158.1108,156807
"Oahu","OAH-02781",21.64586,-158.0669,147105.1029
"Oahu","OAH-02766",21.67683,-158.0476,166598.25
"Oahu","OAH-02794",21.69301,-158.0248,187531.405
"Oahu","OAH-02796",21.62052,-158.0887,159365.5
"Oahu","OAH-02588",21.59221,-158.1892,179416.60125
"Oahu","OAH-02643",21.58785,-158.1772,173783.75
"Oahu","OAH-02621",21.58847,-158.212,182782.60125
"Oahu","OAH-02749",21.58887,-158.1594,168976.5
"Kahoolawe","KAH-00321",20.59595,-156.5536,439.35000325
"Kahoolawe","KAH-00419",20.51269,-156.543,60072.799545
"Kahoolawe","KAH-00362",20.51305,-156.6098,19042.49986
"Kahoolawe","KAH-00334",20.50641,-156.6822,36564.150515
"Oahu","OAH-02518",21.43288,-157.7176,129986.375
"Oahu","OAH-02521",21.38737,-157.6906,149388.75
"Oahu","OAH-02556",21.3676,-157.6886,147669
"Oahu","OAH-02538",21.33058,-157.6603,145441.3983
"Oahu","OAH-02564",21.4074,-157.7322,118496.5
"Oahu","OAH-02687",21.53146,-157.8204,196340.598
"Oahu","OAH-02729",21.56703,-157.8518,180881.8482
"Oahu","OAH-02667",21.59627,-157.8779,172033.0483
"Oahu","OAH-02739",21.60874,-157.8915,166881.04835
"Oahu","OAH-02569",21.2591,-157.7023,82591.17473
"French Frigate","FFS-01301",23.84157,-166.324,135829.60225
"French Frigate","FFS-01266",23.71894,-166.3379,114543.5519
"French Frigate","FFS-01284",23.63988,-166.1786,15116.400255
"French Frigate","FFS-01302",23.67175,-166.2575,189835.80315
"French Frigate","FFS-01357",23.82396,-166.2605,14539.57525
"French Frigate","FFS-01234",23.77368,-166.2486,114543.5519
"French Frigate","FFS-01258",23.77404,-166.2437,67720.07614
"Pearl & Hermes","PHR-01024",27.95412,-175.8423,288910.40495
"Pearl & Hermes","PHR-01066",27.96439,-175.7821,305915.0803
"Pearl & Hermes","PHR-01121",27.94385,-175.8463,287447.4049
"Pearl & Hermes","PHR-01129",27.93137,-175.8716,284373.60485
"Pearl & Hermes","PHR-01022",27.86261,-175.979,272402.9546
"Pearl & Hermes","PHR-01064",27.87231,-175.9595,272213.3046
"Pearl & Hermes","PHR-01139",27.89574,-175.933,282308.1548
"Pearl & Hermes","PHR-01071",27.90525,-175.913,280853.8048
"Pearl & Hermes","PHR-01095",27.76399,-175.9155,37601.450625
"Pearl & Hermes","PHR-01075",27.76914,-175.8994,36112.800615
"Pearl & Hermes","PHR-01020",27.78606,-175.773,60083.70105
"Pearl & Hermes","PHR-01097",27.80817,-175.7607,61328.70107
"Pearl & Hermes","PHR-01045",27.91951,-175.7203,106822.20195
"Pearl & Hermes","PHR-01122",27.8862,-175.7303,69393.85121
"Pearl & Hermes","PHR-01124",27.85766,-175.7405,64731.35113
"Pearl & Hermes","PHR-01117",27.8336,-175.752,61736.3010775
"Pearl & Hermes","PHR-01033",27.81351,-176.0052,270255.9046
"Pearl & Hermes","PHR-01076",27.79347,-175.9964,264567.10455
"Pearl & Hermes","PHR-01093",27.77751,-175.9907,250253.55425
"Pearl & Hermes","PHR-01138",27.75924,-175.9679,186223.5531
"Kure","KUR-00718",28.39072,-178.37,251959.4541
"Kure","KUR-00736",28.38916,-178.3583,130025.00225
"Kure","KUR-00746",28.38619,-178.3403,33186.600575
"Kure","KUR-00765",28.38802,-178.3483,48941.85081
"Kure","KUR-00748",28.38491,-178.3356,31306.15053
"Kure","KUR-00741",28.38139,-178.3129,30650.750505
"Kure","KUR-00714",28.38061,-178.3183,39284.85065
"Kure","KUR-00781",28.43898,-178.3631,291983.25495
"Kure","KUR-00754",28.44253,-178.3622,294566.80495
"Kure","KUR-00725",28.4165,-178.3802,279103.5547
"Kure","KUR-00770",28.38718,-178.3405,33186.600575
"Kure","KUR-00708",28.45127,-178.2991,316047.8553
"Kure","KUR-00734",28.45797,-178.3262,319807.25545
"Kure","KUR-00771",28.45207,-178.3422,308874.90515
"Kure","KUR-00779",28.45638,-178.3223,320999.7555
"Kure","KUR-00780",28.44431,-178.2978,262467.0545
"Kure","KUR-00706",28.40198,-178.275,93953.70159
"Kure","KUR-00753",28.43506,-178.2877,151394.92765
"Kure","KUR-00732",28.38394,-178.3221,39284.85065
"Lisianski","LIS-00780",25.92298,-173.938,218736.85365
"Lisianski","LIS-00804",25.94903,-173.965,203140.9534
"Lisianski","LIS-00785",25.97337,-173.9786,204220.20355
"Lisianski","LIS-00805",26.00798,-173.9903,196027.15345
"Lisianski","LIS-00778",25.97015,-173.8618,166278.3029
"Lisianski","LIS-00783",25.98768,-173.8822,190090.2533
"Lisianski","LIS-00795",26.00296,-173.8982,226185.0539
"Lisianski","LIS-00810",25.99809,-173.9034,226185.0539
"Lisianski","LIS-00755",26.00599,-174.0271,230137.92895
"Lisianski","LIS-00823",26.03723,-173.9656,87047.251455
"Lisianski","LIS-00830",26.06712,-173.9834,265522.754625
"Lisianski","LIS-00768",26.08365,-173.9098,291836.35485
"Lisianski","LIS-00802",26.06563,-173.9489,280215.6047
"Lisianski","LIS-00834",26.0513,-173.9547,88432.35148
"Lisianski","LIS-00820",26.06578,-173.986,248318.6544
"Lisianski","LIS-00838",26.01569,-173.9222,196027.15
"French Frigate","FFS-01272",23.78908,-166.0638,130417.05225
"French Frigate","FFS-01336",23.63705,-166.1045,51545.2009
"French Frigate","FFS-01270",23.77394,-166.0665,117874.952
"French Frigate","FFS-01341",23.66589,-166.0801,71521.4012
"French Frigate","FFS-01314",23.86214,-166.181,272598.7549
"French Frigate","FFS-01288",23.87111,-166.2048,263804.8545
"French Frigate","FFS-01271",23.87879,-166.2743,260717.6047
"French Frigate","FFS-01317",23.87658,-166.2271,277625.50495
"French Frigate","FFS-01328",23.88345,-166.258,275399.3049
"French Frigate","FFS-01309",23.87943,-166.2815,259944.30465
"French Frigate","FFS-01279",23.86382,-166.3252,240012.0042
"French Frigate","FFS-01338",23.85878,-166.3242,236968.55415
"French Frigate","FFS-01394",23.7746,-166.1987,5879.7001
"Wake","WAK-00605",19.31283,166.5941,119807.002
"Wake","WAK-00788",19.30338,166.5952,69591.20121
"Wake","WAK-00679",19.30171,166.5954,66989.801135
"Wake","WAK-00764",19.32168,166.6042,125063.8022
"Wake","WAK-00675",19.27945,166.6308,7280.400125
"Wake","WAK-00668",19.28362,166.6187,8818.100153
"Wake","WAK-00656",19.2897,166.6106,6346.6001075
"Wake","WAK-00718",19.28784,166.6135,6168.5334365
"Wake","WAK-00606",19.31559,166.6438,209109.6703
"Wake","WAK-00707",19.31384,166.6477,207804.50355
"Wake","WAK-00714",19.31597,166.6383,202367.20345
"Wake","WAK-00770",19.3152,166.6408,208712.1786
"Wake","WAK-00735",19.31387,166.6463,210319.20365
"Wake","WAK-00596",19.29536,166.6008,10673.850185
"Wake","WAK-00711",19.31732,166.5995,109082.3019
"Wake","WAK-00594",19.30301,166.6506,123144.90215
"Wake","WAK-00763",19.29754,166.6521,137310.7524
"Wake","WAK-00626",19.31568,166.6334,178521.653066667
"Wake","WAK-00688",19.31672,166.626,188086.90315
"Wake","WAK-00768",19.31512,166.6356,180777.0781
"Wake","WAK-00618",19.27103,166.6496,8162.7751385
"Wake","WAK-00700",19.27269,166.6471,7173.4001245
"Wake","WAK-00706",19.27495,166.6423,7322.6001255
"Wake","WAK-00752",19.27263,166.648,7173.4001245
"Wake","WAK-00635",19.28158,166.6566,128782.4022
"Wake","WAK-00713",19.30006,166.6511,134667.0023
"Wake","WAK-00661",19.28937,166.6571,153666.25265
"Wake","WAK-00766",19.27897,166.6557,132118.1523
"Guam","GUA-02107",13.28354,144.6581,8977.1251695
"Guam","GUA-02166",13.36846,144.6419,8965.6501525
"Guam","GUA-02193",13.33675,144.6417,8132.250154
"Guam","GUA-01869",13.24554,144.7174,43919.9757775
"Guam","GUA-02161",13.26169,144.6535,9910.750184
"Guam","GUA-01939",13.38939,144.7809,99315.851645
"Guam","GUA-02247",13.29717,144.7719,106008.4518
"Guam","GUA-02125",13.31198,144.6447,9913.23350283333
"Guam","GUA-02339",13.35017,144.6388,6394.6751225
"Guam","GUA-02231",13.37621,144.6441,9166.8501535
"Guam","GUA-01951",13.36217,144.7767,100401.90167
"Guam","GUA-02149",13.39209,144.6531,6562.76677966667
"Guam","GUA-01864",13.24409,144.7145,46942.550825
"Guam","GUA-02258",13.31976,144.7734,102387.9017
"Guam","GUA-02319",13.62714,144.9004,105275.95175
"Guam","GUA-02332",13.64773,144.8494,23527.35041
"Guam","GUA-02140",13.61871,144.8336,11805.000215
"Guam","GUA-02351",13.59778,144.8319,9000.5501525
"Guam","GUA-02016",13.58739,144.9528,105963.30175
"Guam","GUA-01906",13.52564,144.9306,107118.8518
"Guam","GUA-01919",13.53979,144.9338,105963.30175
"Guam","GUA-02020",13.57572,144.9499,106593.718466667
"Guam","GUA-02254",13.54973,144.9395,106526.0518
"Rota","ROT-00604",14.19412,145.2216,59602.651055
"Rota","ROT-00617",14.14285,145.1367,28103.550485
"Rota","ROT-00633",14.17166,145.1753,50899.10087
"Rota","ROT-00673",14.17576,145.1965,40356.000705
"Rota","ROT-00697",14.11398,145.2097,81188.301385
"Rota","ROT-00656",14.1131,145.1804,16068.300265
"Rota","ROT-00584",14.11721,145.1684,5620.850093
"Rota","ROT-00706",14.13334,145.1567,4929.32507625
"Rota","ROT-00711",14.19857,145.2671,120377.302
"Rota","ROT-00681",14.17383,145.2852,114984.20195
"Rota","ROT-00703",14.15112,145.2479,15127.100255
"Rota","ROT-00693",14.14708,145.2378,46943.75082
"Rota","ROT-00658",14.20293,145.2485,120853.8021
"Guam","GUA-02274",13.43997,144.8204,80902.1514
"Guam","GUA-01908",13.46328,144.8554,97037.301675
"Guam","GUA-01870",13.48168,144.8685,89669.551555
"Guam","GUA-01944",13.50579,144.8922,83327.45146
"Tinian","TIN-00569",14.93001,145.6301,13429.5002325
"Tinian","TIN-00576",14.94943,145.6275,12249.2002116667
"Tinian","TIN-00593",15.01318,145.5843,12419.5752125
"Tinian","TIN-00607",14.97217,145.6115,12712.15022
"Tinian","TIN-00557",14.98425,145.6078,12462.450215
"Saipan","SAI-01068",15.28137,145.8006,24447.150425
"Saipan","SAI-01520",15.27032,145.7874,21885.40038
"Saipan","SAI-01579",15.27388,145.7922,26692.250445
"Saipan","SAI-01537",15.25284,145.759,30645.850505
"Tinian","TIN-00646",14.93289,145.6503,109665.6519
"Tinian","TIN-00711",14.95585,145.6636,115304.15195
"Tinian","TIN-00581",15.04778,145.6507,83311.701465
"Saipan","SAI-01546",15.14577,145.6935,6215.650114
"Saipan","SAI-01330",15.15901,145.6909,6429.8751105
"Saipan","SAI-01594",15.18565,145.7017,5215.050095
"Saipan","SAI-01096",15.20799,145.6956,5296.07509675
"Tinian","TIN-00600",15.07008,145.6568,60626.751065
"Tinian","TIN-00734",15.08371,145.6583,35724.450625
"Tinian","TIN-00626",15.07996,145.62,16610.3503
"Tinian","TIN-00611",15.04342,145.5954,7901.8001355
"Tinian","TIN-00731",15.08622,145.6281,16091.35028
"Tinian","TIN-00641",15.05622,145.5996,17794.2003275
"Saipan","SAI-01114",15.17602,145.7884,114002.302
"Saipan","SAI-01304",15.24669,145.8093,98351.601665
"Saipan","SAI-01349",15.25894,145.8144,23512.350405
"Saipan","SAI-01397",15.28135,145.8241,125364.2022
"Aguijan","AGU-00423",14.84197,145.5546,125284.00215
"Aguijan","AGU-00470",14.83815,145.5397,123475.2521
"Aguijan","AGU-00457",14.84375,145.5611,126367.9022
"Aguijan","AGU-00431",14.86504,145.567,121028.9021
"Aguijan","AGU-00487",14.86151,145.5604,120059.40205
"Aguijan","AGU-00515",14.85674,145.5491,118834.152
"Aguijan","AGU-00397",14.8337,145.5316,122869.7021
"Aguijan","AGU-00509",14.84153,145.5298,121705.55205
"Aguijan","AGU-00520",14.84536,145.5373,120675.70205
"Aguijan","AGU-00416",14.85994,145.5792,126719.6022
"Pagan","PAG-00886",18.09064,145.7605,62403.60104
"Pagan","PAG-00912",18.07872,145.7517,76282.40129
"Pagan","PAG-01006",18.07411,145.7471,82514.20142
"Pagan","PAG-00975",18.06161,145.7428,92307.70154
"Pagan","PAG-00840",18.14627,145.8113,136841.60235
"Pagan","PAG-00982",18.13386,145.8096,133512.10225
"Pagan","PAG-00916",18.12174,145.8048,116343.5519
"Pagan","PAG-01037",18.1079,145.7867,9038.6501735
"Pagan","PAG-00836",18.05713,145.7077,41158.700745
"Pagan","PAG-00891",18.0793,145.7184,39304.20071
"Pagan","PAG-01019",18.05866,145.711,30385.900535
"Pagan","PAG-01025",18.04823,145.7072,37240.10067
"Asuncion","ASC-00466",19.68077,145.3915,21385.3753575
"Asuncion","ASC-00401",19.69092,145.3881,38702.3506825
"Asuncion","ASC-00456",19.70267,145.3937,61312.9760375
"Asuncion","ASC-00490",19.6968,145.3911,59879.90105
"Asuncion","ASC-00404",19.70836,145.4047,141350.6024
"Asuncion","ASC-00414",19.6946,145.4188,138765.1024
"Asuncion","ASC-00425",19.68074,145.4155,130822.65225
"Asuncion","ASC-00437",19.68962,145.4197,142019.30255
"Asuncion","ASC-00455",19.69736,145.418,140717.57745
"Asuncion","ASC-00487",19.69087,145.4191,138921.5024
"Asuncion","ASC-00448",19.70478,145.4122,142040.1775
"Asuncion","ASC-00464",19.70624,145.409,141405.1024
"Farallon de Pajaros","FDP-00308",20.53963,144.9004,124948.05215
"Farallon de Pajaros","FDP-00283",20.53494,144.8953,110348.95195
"Farallon de Pajaros","FDP-00289",20.54867,144.9048,155375.10265
"Farallon de Pajaros","FDP-00327",20.55055,144.8975,124357.2021
"Farallon de Pajaros","FDP-00321",20.54495,144.9035,152194.75265
"Farallon de Pajaros","FDP-00353",20.54369,144.9024,131701.40225
"Farallon de Pajaros","FDP-00372",20.53814,144.8986,120465.80205
"Farallon de Pajaros","FDP-00302",20.54473,144.8854,49246.50088
"Farallon de Pajaros","FDP-00314",20.55039,144.8867,93972.10168
"Farallon de Pajaros","FDP-00340",20.54078,144.8854,48739.40091
"Farallon de Pajaros","FDP-00309",20.54859,144.8864,73278.8762725
"Farallon de Pajaros","FDP-00361",20.54786,144.9029,154007.92765
"Maug","MAU-00868",20.03704,145.2223,137306.5524
"Maug","MAU-00955",20.03415,145.2264,130222.877225
"Maug","MAU-00952",20.03609,145.2186,120484.577075
"Maug","MAU-00994",20.03585,145.2195,110411.9019
"Maug","MAU-00838",20.0235,145.2071,41416.2007125
"Maug","MAU-00910",20.01995,145.2079,33907.60058
"Maug","MAU-00918",20.01124,145.2117,41431.90075
"Maug","MAU-01012",20.01357,145.2092,22679.6504225
"Maug","MAU-00844",20.01492,145.2366,99908.85177
"Maug","MAU-00940",20.02556,145.2361,127520.60225
"Maug","MAU-00907",20.01279,145.2321,100914.1518
"Maug","MAU-01007",20.01535,145.2349,99908.85177
"Maug","MAU-00957",20.02197,145.2392,130664.9523
"Maug","MAU-00848",20.02333,145.2397,129992.602275
"Maug","MAU-00996",20.03084,145.2295,2816.8000445
"Maug","MAU-00944",20.0268,145.2068,62576.15111
"Maug","MAU-00984",20.01672,145.2068,41559.70072
"Maug","MAU-00870",20.02918,145.2072,82780.2764375
"Maug","MAU-00992",20.01111,145.2174,37222.650695
"Maug","MAU-00884",20.02486,145.2306,3102.950053
"Maug","MAU-00953",20.01432,145.2276,13969.075255
"Maug","MAU-01000",20.0205,145.2302,5716.150107
"Maug","MAU-00913",20.02995,145.2185,1617.4500315
"Maug","MAU-00951",20.02548,145.2108,2466.050047
"Maug","MAU-00997",20.02322,145.2102,2617.600038
"Maug","MAU-00999",20.0305,145.2229,1874.70003125
"Maug","MAU-00855",20.01779,145.2126,3480.25006025
"Pagan","PAG-00899",18.16737,145.7676,78635.25133
"Pagan","PAG-00924",18.16907,145.7867,133283.4523625
"Pagan","PAG-00997",18.16674,145.792,134853.7024
"Pagan","PAG-01046",18.16871,145.7754,112707.10185
"Pagan","PAG-00821",18.12116,145.7535,17957.25029
"Pagan","PAG-01066",18.11272,145.757,17394.05028
"Pagan","PAG-00892",18.09388,145.7454,20530.050345
"Sarigan","SAR-00341",16.70648,145.7891,121521.0521
"Sarigan","SAR-00377",16.69937,145.7878,105789.8018
"Sarigan","SAR-00343",16.69845,145.7716,16512.27528
"Sarigan","SAR-00373",16.71342,145.7735,45849.4507925
"Saipan","SAI-01184",15.10421,145.7097,5980.87510275
"Saipan","SAI-01339",15.1045,145.7283,3769.100076
"Saipan","SAI-01473",15.10995,145.7052,3310.6250615
"Saipan","SAI-01305",15.11807,145.693,4423.500077
"Saipan","SAI-01142",15.14739,145.7476,21162.650335
"Saipan","SAI-01316",15.1401,145.7429,48106.100875
"Saipan","SAI-01498",15.16124,145.7627,2625.30005
"Saipan","SAI-01359",15.15763,145.7689,1767.8500295
"Saipan","SAI-01438",15.25254,145.7148,53603.30092
"Saipan","SAI-01622",15.24438,145.7048,38790.20069
"Tau","TAU-01062",-14.27548,-169.4922,149574.60255
"Tutuila","TUT-03020",-14.33662,-170.8041,85010.27644
"Tutuila","TUT-03021",-14.34374,-170.7891,63500.60111
"Tutuila","TUT-03026",-14.33066,-170.8141,89901.15153
"Tau","TAU-01077",-14.23464,-169.4189,113298.968683333
"Ofu & Olosega","OFU-01031",-14.1662,-169.6275,37891.550665
"Ofu & Olosega","OFU-01033",-14.16223,-169.6205,35924.050635
"Ofu & Olosega","OFU-01051",-14.16354,-169.6874,59594.876
"Tau","TAU-01065",-14.2634,-169.4999,105822.10185
"Tau","TAU-01056",-14.26508,-169.499,109596.65185
"Tau","TAU-01034",-14.21485,-169.5022,37118.300645
"Tau","TAU-01080",-14.22821,-169.5187,105654.95185
"Tau","TAU-01016",-14.22437,-169.5197,103686.6018
"Rose","ROS-01101",-14.53623,-168.1639,43498.6841
"Rose","ROS-05001",-14.55075,-168.167,122423.3645875
"Rose","ROS-01070",-14.54609,-168.1707,134298.9023
"Rose","ROS-01062",-14.54181,-168.1726,138039.15245
"Tau","TAU-01036",-14.2487,-169.419,143021.4525
"Rose","ROS-01105",-14.53727,-168.1686,44564.450785
"Tau","TAU-01009",-14.21155,-169.4423,39679.90066
"Tutuila","TUT-02803",-14.29288,-170.5498,132905.25235
"Tutuila","TUT-02806",-14.29304,-170.5525,132790.35235
"Tutuila","TUT-02808",-14.2965,-170.5661,131106.2023
"Tutuila","TUT-02812",-14.29502,-170.5582,132790.35235
"Ofu & Olosega","OFU-00985",-14.161,-169.6383,42811.50073
"Ofu & Olosega","OFU-01034",-14.16404,-169.6599,43073.400695
"Ofu & Olosega","OFU-01013",-14.16306,-169.6851,46335.0758075
"Rose","ROS-01045",-14.5353,-168.1616,43822.7757725
"Tutuila","TUT-03023",-14.32686,-170.8338,93871.651625
"Jarvis","JAR-01916",-0.362684,-160.0045,90232.651555
"Jarvis","JAR-01948",-0.361651,-159.9983,100070.451725
"Jarvis","JAR-02021",-0.365375,-160.006,77190.376325
"Jarvis","JAR-01984",-0.374247,-159.9815,137177.252425
"Jarvis","JAR-01919",-0.373424,-159.9733,154363.419366667
"Jarvis","JAR-01974",-0.375679,-159.9762,150750.877675
"Jarvis","JAR-01981",-0.378925,-159.9724,152311.227675
"Jarvis","JAR-01918",-0.366124,-159.9813,136783.2024
"Jarvis","JAR-02040",-0.372275,-159.9823,129308.5023
"Jarvis","JAR-01915",-0.381992,-159.9961,89108.451545
"Howland","HOW-00866",0.816194,-176.6245,91012.75161
"Howland","HOW-00860",0.81195,-176.6116,130390.47725
"Swains","SWA-00800",-11.06341,-171.0871,79439.651395
"Swains","SWA-00780",-11.04585,-171.0779,77002.2263325
"Swains","SWA-00788",-11.04674,-171.0811,69077.501175
"Tutuila","TUT-02929",-14.23855,-170.6694,34148.250605
"Tutuila","TUT-02927",-14.24689,-170.6643,20872.15036
"Tutuila","TUT-02935",-14.26344,-170.7134,22927.000365
"Tutuila","TUT-02908",-14.26109,-170.7059,19927.100335
"Tutuila","TUT-05000",-14.28767,-170.7819,23698.50038
"Tutuila","TUT-02907",-14.28835,-170.7689,23380.950375
"Tutuila","TUT-02906",-14.23039,-170.6958,36299.05064
"Tutuila","TUT-02954",-14.29084,-170.7888,23487.15038
"Tutuila","TUT-02948",-14.29313,-170.809,26399.900445
"Tutuila","TUT-02938",-14.29947,-170.8153,21214.0670266667
"Tutuila","TUT-02942",-14.28232,-170.7339,21570.30037
"Tutuila","TUT-02937",-14.28841,-170.7591,22992.60037
"Tutuila","TUT-02952",-14.29198,-170.7923,20425.6003475
"Tutuila","TUT-02904",-14.25603,-170.6511,5206.60008
"Tutuila","TUT-02883",-14.36313,-170.7622,50918.800885
"Tutuila","TUT-02871",-14.36512,-170.7635,60467.4510625
"Tutuila","TUT-02874",-14.36191,-170.7648,61752.1510625
"Tutuila","TUT-02889",-14.36417,-170.7602,6078.9001035
"Tutuila","TUT-05004",-14.28096,-170.5615,40957.8507
"Tutuila","TUT-05003",-14.28366,-170.5631,95882.9517225
"Tutuila","TUT-02855",-14.36011,-170.7493,84956.326475
"Tutuila","TUT-02852",-14.36085,-170.7504,93022.801675
"Tutuila","TUT-02850",-14.36434,-170.7521,112921.70195
"Howland","HOW-00865",0.823563,-176.6239,144714.85255
"Howland","HOW-00891",0.808395,-176.611,130499.5272
"Howland","HOW-00862",0.8054,-176.6213,54301.9342516667
"Baker","BAK-00752",0.200068,-176.4841,104171.3018
"Swains","SWA-00795",-11.06587,-171.0849,97616.4016925
"Swains","SWA-00802",-11.05859,-171.0908,72216.901275
"Tutuila","TUT-05001",-14.29213,-170.7798,17370.200295
"Tutuila","TUT-02944",-14.29076,-170.7467,21025.82536
"Tutuila","TUT-02905",-14.24569,-170.6835,19813.4003375
"Tutuila","TUT-03043",-14.25079,-170.6422,15749.350285
"Rose","ROS-01056",-14.55498,-168.1475,149299.62755
"Rose","ROS-01080",-14.53783,-168.1708,63116.976115
"Jarvis","JAR-01980",-0.362512,-159.9927,99668.0767225
"Jarvis","JAR-02031",-0.376718,-159.9795,137023.10245
"Jarvis","JAR-01900",-0.379623,-160.0158,134616.5023
"Jarvis","JAR-01923",-0.381684,-159.9992,87382.551525
"Jarvis","JAR-01939",-0.381757,-160.0067,88269.801515
"Ofu & Olosega","OFU-00982",-14.16116,-169.6829,42681.55075
"Tau","TAU-01000",-14.21963,-169.5177,31841.000545
"Rose","ROS-01067",-14.53702,-168.147,69719.101245
"Rose","ROS-01077",-14.53402,-168.1586,43950.550775
"Jarvis","JAR-01977",-0.381494,-160.0116,124705.035483333
"Jarvis","JAR-01931",-0.375452,-160.0135,108646.276875
"Ofu & Olosega","OFU-01045",-14.17407,-169.6443,88699.05151
"Palmyra","PAL-01075",5.87569,-162.1459,78675.2513175
"Palmyra","PAL-01125",5.88169,-162.1296,47703.350785
"Palmyra","PAL-01182",5.877228,-162.1191,0
"Palmyra","PAL-01101",5.8927,-162.1298,77842.026345
"Palmyra","PAL-01176",5.87388,-162.1124,0
"Palmyra","PAL-01106",5.873518,-162.1268,45159.350755
"Palmyra","PAL-01170",5.889177,-162.1221,0
"Palmyra","PAL-01065",5.863276,-162.0289,44544.100765
"Palmyra","PAL-01095",5.869347,-162.0342,43502.100745
"Palmyra","PAL-01187",5.873456,-162.0428,0
"Palmyra","PAL-01138",5.867444,-162.0412,41183.250715
"Palmyra","PAL-01139",5.879394,-162.03,134000.00235
"Palmyra","PAL-01102",5.867425,-162.017,64493.85111375
"Palmyra","PAL-01059",5.897446,-162.0999,125866.1022
"Rose","ROS-01071",-14.54374,-168.1718,136898.45235
"Rose","ROS-01053",-14.53228,-168.1577,43541.25077
"Ofu & Olosega","OFU-01047",-14.16067,-169.668,46508.575775
"Ofu & Olosega","OFU-00995",-14.16436,-169.6558,42515.05069
"Tau","TAU-01071",-14.26327,-169.499,102504.60175
"Rose","ROS-01048",-14.54173,-168.1439,71160.041239
"Tau","TAU-01021",-14.25583,-169.42,152488.7527
"Tau","TAU-01011",-14.20987,-169.4303,57293.0509725
"Tau","TAU-01074",-14.26767,-169.4963,114861.05195
"Rose","ROS-01076",-14.53908,-168.1457,72992.2262725
"Kingman","KIN-00908",6.398091,-162.4609,73078.901265
"Palmyra","PAL-01114",5.895702,-162.1229,123250.65215
"Palmyra","PAL-01142",5.886696,-162.1157,0
"Palmyra","PAL-01107",5.886772,-162.13,31660.35054
"Kingman","KIN-05001",6.397649,-162.3363,158780.45275
"Kingman","KIN-00915",6.405676,-162.4576,79316.35134
"Kingman","KIN-00901",6.401165,-162.4669,77099.201305
"Kingman","KIN-00918",6.405131,-162.4603,79316.35134
"Kingman","KIN-00860",6.404042,-162.3448,159220.2028
"Kingman","KIN-00837",6.429722,-162.375,163624.6028
"Palmyra","PAL-01162",5.895975,-162.0791,74775.501355
"Palmyra","PAL-01087",5.866966,-162.1103,43643.150745
"Palmyra","PAL-01120",5.868771,-162.0716,37592.90064
"Kingman","KIN-00835",6.427592,-162.3716,164421.0028
"Kingman","KIN-00832",6.433351,-162.3782,164802.1028
"Kingman","KIN-00841",6.435843,-162.3817,164802.1028
"Kingman","KIN-00843",6.424462,-162.3674,164540.8528
"Palmyra","PAL-01111",5.897517,-162.0948,124886.30215
"Palmyra","PAL-01100",5.898678,-162.0661,133106.25235
"Kingman","KIN-00838",6.39717,-162.3363,158780.45275
"Kingman","KIN-00862",6.385349,-162.3363,123178.05215
"Kingman","KIN-00905",6.380195,-162.4391,31726.600535
"Palmyra","PAL-01193",5.883424,-162.1137,0
"Kingman","KIN-00868",6.424615,-162.3686,164198.6028
"Baker","BAK-00724",0.186727,-176.47,109815.15185
"Howland","HOW-00910",0.821225,-176.6252,147230.40255
"Baker","BAK-00804",0.203762,-176.4781,124037.80215
"Baker","BAK-00770",0.19557,-176.4863,79679.90137
"Swains","SWA-00793",-11.05661,-171.0918,69004.45119
"Tutuila","TUT-02897",-14.23714,-170.6732,35131.000625
"Tutuila","TUT-05005",-14.27683,-170.5576,30101.850505
"Ofu & Olosega","OFU-00987",-14.18671,-169.664,97655.151685
"Ofu & Olosega","OFU-01014",-14.1781,-169.6501,91787.95159
"Ofu & Olosega","OFU-01049",-14.17609,-169.648,89325.801515
"Ofu & Olosega","OFU-01024",-14.17667,-169.6284,77011.90133
"Ofu & Olosega","OFU-01004",-14.1726,-169.642,86243.15148
"Ofu & Olosega","OFU-01010",-14.18836,-169.6211,88775.95151
"Baker","BAK-00813",0.201357,-176.4691,133932.6523
"Swains","SWA-00789",-11.04853,-171.0888,64510.751135
"Swains","SWA-00766",-11.0515,-171.0655,123923.80215
"Tutuila","TUT-02854",-14.36535,-170.7525,113129.55195
"Tau","TAU-01032",-14.2144,-169.4881,37309.6256525
"Kingman","KIN-00892",6.392212,-162.4626,52893.650955
"Palmyra","PAL-01134",5.873855,-162.0362,103909.985148333
"Palmyra","PAL-01196",5.87507,-162.0429,0
"Palmyra","PAL-01190",5.881436,-162.1208,0
"Palmyra","PAL-01104",5.875905,-162.131,58833.800995
"Palmyra","PAL-01077",5.895581,-162.0843,105391.5018
"Palmyra","PAL-01093",5.866929,-162.1231,45127.1507525
"Palmyra","PAL-01052",5.884333,-162.1411,72394.401225
"Palmyra","PAL-01066",5.868817,-162.1298,64222.0510925
"Palmyra","PAL-01152",5.896258,-162.1051,122902.8521
"Palmyra","PAL-01057",5.896885,-162.0889,120357.4021
"Palmyra","PAL-01185",5.869049,-162.0892,41084.500715
"Palmyra","PAL-01153",5.895465,-162.0896,120357.4021
"Palmyra","PAL-01186",5.895223,-162.1138,122864.70215
"Kingman","KIN-00863",6.393916,-162.3359,152743.8526
"Palmyra","PAL-01143",5.894722,-162.0845,105391.5018
"Kingman","KIN-00865",6.38196,-162.3502,39641.650675
"Kingman","KIN-00850",6.420936,-162.3628,164783.8528
"Maui","MAI-02543",20.86118,-156.6749,0
"Maui","MAI-02461",20.76683,-156.4787,0
"Kahoolawe","KAH-00627",20.58214,-156.6226,192.75
"Maui","MAI-02502",20.80669,-156.6233,0
"Lanai","LAN-01819",20.74649,-156.9769,65052.800915
"Maui","MAI-02567",20.86184,-156.1338,148214.7025
"Lanai","LAN-01795",20.7324,-156.9505,19315.399625
"Kahoolawe","KAH-00659",20.60397,-156.5829,0
"Molokai","MOL-02291",21.19345,-157.263,133242.6009
"Molokai","MOL-02266",21.06394,-156.983,1400.8000185
"Kahoolawe","KAH-00608",20.51487,-156.6941,36564.150515
"Hawaii","HAW-03436",20.03042,-155.3081,102084.5018
"Hawaii","HAW-04231",19.55366,-154.8712,99089.551705
"Hawaii","HAW-04300",19.19076,-155.9086,20104.75034
"Hawaii","HAW-04232",19.51626,-154.8042,95540.15165
"Hawaii","HAW-04224",19.54227,-154.8433,100668.5517
"Hawaii","HAW-04227",19.54917,-154.8603,96375.001645
"Hawaii","HAW-04292",19.39182,-155.9089,4032.400069
"Hawaii","HAW-04264",19.55125,-155.966,7119.300116
"Hawaii","HAW-04221",19.74576,-155.0666,74584.301265
"Hawaii","HAW-04280",19.57936,-155.9697,1727.45003375
"Maui","MAI-02530",20.84161,-156.6572,0
"Lanai","LAN-01810",20.8602,-157.0278,19002.99986
"Lanai","LAN-01809",20.78013,-156.9922,60502.75084
"Maui","MAI-02529",20.90868,-156.6908,142.1333365
"Maui","MAI-02534",20.89201,-156.6865,0
"Maui","MAI-02532",20.8792,-156.691,0
"Maui","MAI-02541",20.91572,-156.6981,4164.2500725
"Maui","MAI-02489",20.7034,-156.4521,0
"Maui","MAI-02505",20.63135,-156.4484,0
"Maui","MAI-02481",20.76712,-156.4805,0
"Maui","MAI-02466",20.72922,-156.4648,0
"Maui","MAI-02537",20.87701,-156.6853,0
"Maui","MAI-02483",20.79996,-156.6017,0
"Maui","MAI-02527",20.91302,-156.6968,3024.000048
"Maui","MAI-02546",20.90665,-156.2128,87461.3514825
"Molokai","MOL-02227",21.17688,-156.7764,260850.9469
"Molokai","MOL-02233",21.17679,-156.8099,257775.397
"Hawaii","HAW-04283",20.05691,-155.845,33.900001045
"Hawaii","HAW-04294",19.56103,-155.9674,5265.7500855
"Hawaii","HAW-04208",19.58264,-154.9203,90393.101535
"Hawaii","HAW-04299",19.45127,-155.9219,1530.9500315
"Hawaii","HAW-04259",19.34035,-155.8879,14592.550245
"Lanai","LAN-01818",20.83711,-156.9989,26853.55037
"Lanai","LAN-01817",20.84665,-157.0069,19882.00028
"Lanai","LAN-01813",20.82092,-156.9907,41453.5
"Lanai","LAN-01811",20.88344,-157.057,42093.400585
"Kauai","KAU-02101",21.87541,-159.523,20135.999605
"Kauai","KAU-02119",21.88887,-159.5722,19881.1996125
"Kauai","KAU-02127",21.93415,-159.6624,19975.849615
"Kauai","KAU-02115",21.92762,-159.6524,19938.499615
"Kauai","KAU-02105",21.91305,-159.6592,22520.50027
"Kauai","KAU-02128",21.95313,-159.7058,19872.40004
"Hawaii","HAW-04268",19.56698,-155.9704,4032.400069
"Hawaii","HAW-04240",19.82821,-156.0013,5256.700097
"Hawaii","HAW-04254",19.85016,-155.9728,4348.100078
"Hawaii","HAW-04243",19.60751,-155.9832,168.7500025
"Hawaii","HAW-04304",19.67338,-156.0341,4564.2500765
"Hawaii","HAW-04296",19.64188,-156.0136,63.65000093
"Kahoolawe","KAH-00632",20.51349,-156.6062,16202.650305
"Kahoolawe","KAH-00672",20.50412,-156.6407,28683
"Kahoolawe","KAH-00662",20.51337,-156.573,21598.099845
"Hawaii","HAW-03433",20.08813,-155.4294,101446.05175
"Hawaii","HAW-03445",20.08957,-155.4361,0
"Molokai","MOL-02255",21.03949,-156.8427,91348.5
"Molokai","MOL-02280",21.08464,-157.0514,15247.60021
"Hawaii","HAW-03465",20.05453,-155.3633,101552.9018
"Hawaii","HAW-03441",20.06521,-155.3819,101798.0018
"Maui","MAI-02520",20.91426,-156.7008,4164.2500725
"Molokai","MOL-02283",21.08971,-157.1138,18743.24986
"Lanai","LAN-01788",20.86601,-156.8338,19154.5
"Lanai","LAN-01814",20.85423,-156.8203,15895.25
"Lanai","LAN-01768",20.86936,-156.8339,19154.5
"Lanai","LAN-01829",20.86163,-156.8303,15863.25011
"Hawaii","HAW-04263",19.16264,-155.9148,20718.800355
"Hawaii","HAW-04277",19.07632,-155.905,109.80000304
"Hawaii","HAW-04245",19.04139,-155.882,20618.3836721667
"Hawaii","HAW-04272",19.90434,-155.9062,1301.700027
"Hawaii","HAW-04252",19.89144,-155.9099,1185.7500213
"Hawaii","HAW-04267",19.9862,-155.8354,34.35000062
"Hawaii","HAW-04253",19.91259,-155.9014,1389.4000235
"Hawaii","HAW-04257",19.92087,-155.8932,878.50001705
"Hawaii","HAW-04239",19.8414,-155.0799,74430.90128
"Hawaii","HAW-04278",20.04418,-155.8378,51.050001025
"Hawaii","HAW-04237",19.7479,-155.0893,68854.701165
"Hawaii","HAW-04220",19.53255,-154.8191,101538.7017
"Hawaii","HAW-04249",19.57356,-154.9076,92783.70162
"Molokai","MOL-02240",21.17028,-156.931,78394.79919
"Lanai","LAN-01816",20.8293,-156.8052,15502.29998
"Hawaii","HAW-04219",20.19658,-155.7139,87403.85151
"Hawaii","HAW-04222",20.1927,-155.701,88983.70154
"Hawaii","HAW-04203",20.24604,-155.7834,78115.05135
"Hawaii","HAW-04241",19.79808,-156.0212,5421.9500915
"Kahoolawe","KAH-00663",20.51736,-156.5546,19121.49986
"Niihau","NII-02594",21.9701,-160.1269,148886.3529
"Niihau","NII-02584",21.88445,-160.237,162823.5
"Molokai","MOL-02260",21.08252,-157.0612,16185.449875
"Molokai","MOL-02263",21.07906,-156.7626,118201.5
"Molokai","MOL-02275",21.07459,-156.7759,110580.5
"Molokai","MOL-02265",21.07002,-157.0269,3657.400094
"Hawaii","HAW-03434",20.069,-155.3915,101778.8518
"Hawaii","HAW-03451",20.07739,-155.4036,101511.8017
"Molokai","MOL-02276",21.05343,-156.8304,93234.75
"Kahoolawe","KAH-00646",20.50115,-156.6772,20676.80004
"Lanai","LAN-01815",20.8531,-157.0134,18807.64986
"Lanai","LAN-01823",20.86561,-157.0379,19042.49986
"Maui","MAI-02515",20.97752,-156.6863,13117.35021
"Molokai","MOL-02286",21.08406,-157.2811,19559.60003
"Lanai","LAN-01800",20.83869,-156.8099,13079.1500525
"Niihau","NII-02552",22.00347,-160.0653,238439.8971
"Niihau","NII-02547",22.01388,-160.0995,126797.85085
"Niihau","NII-02583",21.91576,-160.2059,158865
"Niihau","NII-02580",21.95172,-160.1372,150360
"Kauai","KAU-02164",22.16346,-159.7231,196805.10395
"Kauai","KAU-02145",22.20357,-159.6348,182782.60125
"Kauai","KAU-02160",22.14699,-159.7503,194992.00525
"Lanai","LAN-01785",20.89738,-156.8684,30713.09965
"Kauai","KAU-02100",22.07698,-159.2979,138716
"Oahu","OAH-03293",21.30693,-158.1264,112838.5
"Oahu","OAH-03000",21.38015,-158.1526,53155.25
"Oahu","OAH-03262",21.28791,-158.1142,111389.650725
"Oahu","OAH-03282",21.3991,-158.1805,116771
"Oahu","OAH-03057",21.59125,-158.1847,177817.5
"Oahu","OAH-03122",21.59214,-158.1466,163882.25
"Maui","MAI-02664",20.62995,-156.1114,31680.300565
"Maui","MAI-02685",20.6069,-156.2414,15480.200265
"Maui","MAI-02686",20.58241,-156.3055,0
"Oahu","OAH-03234",21.6841,-158.0423,187531.405
"Oahu","OAH-03233",21.6561,-158.0636,161582.75
"Oahu","OAH-03112",21.69581,-158.0381,203330.75
"Oahu","OAH-03243",21.62903,-158.0773,156822.75
"Oahu","OAH-03084",21.5388,-157.8232,196340.598
"Oahu","OAH-03087",21.58535,-157.8658,176287.04825
"Oahu","OAH-03078",21.50332,-157.7963,196340.598
"Oahu","OAH-03288",21.24956,-157.8083,29626.19977
"Oahu","OAH-03284",21.26746,-157.8296,19266.199625
"Oahu","OAH-03292",21.27008,-157.8273,19266.199625
"Maui","MAI-02706",20.62684,-156.1176,34659.95062
"Oahu","OAH-03232",21.63331,-158.0796,157494.75
"Oahu","OAH-03259",21.25259,-157.7507,20446.499855
"Maui","MAI-02709",20.59311,-156.2798,24349.350405
"Oahu","OAH-03265",21.25686,-157.7626,22108.12484
"Oahu","OAH-03051",21.58246,-158.2182,182782.60125
"Oahu","OAH-03279",21.52381,-158.234,69110.550975
"Oahu","OAH-03052",21.57079,-158.277,45559.25
"Oahu","OAH-03065",21.56157,-158.2609,28773.3004
"Oahu","OAH-04001",21.57043,-158.2724,25602.15035
"Kauai","KAU-02133",22.04095,-159.3111,130621.25
"Lanai","LAN-01789",20.93291,-156.9613,51069.749935
"Lanai","LAN-01783",20.92362,-156.9237,50095.949415
"Oahu","OAH-04002",21.50244,-158.2323,105955.2010725
"Oahu","OAH-03110",21.67636,-158.0595,182782.60125
"Oahu","OAH-03242",21.61756,-158.0918,157494.75
"Oahu","OAH-03296",21.42769,-158.183,92711.951275
"Oahu","OAH-03267",21.36308,-158.1363,65032
"Oahu","OAH-03286",21.35055,-158.1309,86274.251195
"Oahu","OAH-03272",21.32858,-158.1273,95966.951315
"Oahu","OAH-03235",21.60814,-158.1081,158735.5
"Maui","MAI-02666",20.59387,-156.2722,22896.95038
"Kauai","KAU-02118",22.00211,-159.3225,127338.5
"Kauai","KAU-02146",22.17117,-159.6923,185218.25495
"Oahu","OAH-03088",21.61852,-157.8952,154430
"Kure","KUR-04117",28.3842,-178.3098,30650.750505
"Kure","KUR-04115",28.38395,-178.3078,36372.150615
"Kure","KUR-04130",28.38481,-178.2968,50080.80089
"Kure","KUR-04113",28.41812,-178.2825,117520.9021
"Pearl & Hermes","PHR-04273",27.86959,-175.7348,68253.051185
"Pearl & Hermes","PHR-04274",27.835948,-175.749558,59813.901045
"Pearl & Hermes","PHR-04250",27.83075,-175.7469,66124.35116
"Pearl & Hermes","PHR-04259",27.807122,-175.754761,61927.30109
"Lisianski","LIS-04332",26.03307,-174.0212,228018.15395
"Lisianski","LIS-04367",26.03385,-174.0022,219907.00375
"Lisianski","LIS-04359",26.05331,-173.9835,175242.35305
"Lisianski","LIS-04391",26.06403,-173.9759,212054.3036
"Lisianski","LIS-04393",26.06841,-173.9598,282827.2047
"Lisianski","LIS-04368",25.94384,-173.9565,199059.85335
"Lisianski","LIS-04328",25.916,-173.9557,218736.85365
"Lisianski","LIS-04310",25.92669,-173.9407,218736.85365
"Lisianski","LIS-04373",26.05489,-173.9313,287553.9048
"Lisianski","LIS-04307",26.04872,-173.887,287400.8298
"Lisianski","LIS-04312",26.05693,-173.8733,291002.9049
"Laysan","LAY-05131",25.7552,-171.7716,248051.55435
"Laysan","LAY-05142",25.777,-171.7476,258591.05445
"Laysan","LAY-05157",25.75937,-171.7435,234097.554
"Laysan","LAY-05177",25.77614,-171.7424,255826.2544
"Laysan","LAY-05112",25.79153,-171.7329,298321.50515
"Laysan","LAY-05178",25.78636,-171.7323,298312.60515
"Laysan","LAY-05120",25.80244,-171.7202,300796.6052
"French Frigate","FFS-04390",23.86918,-166.3276,243184.95425
"French Frigate","FFS-04383",23.86891,-166.3037,232583.2041
"French Frigate","FFS-04395",23.87601,-166.2971,248311.90445
"French Frigate","FFS-04454",23.67945,-166.2404,173078.803
"French Frigate","FFS-04365",23.63413,-166.1018,69861.95116
"French Frigate","FFS-04461",23.84116,-166.3344,211365.4035
"French Frigate","FFS-04472",23.67917,-166.199,130642.15215
"Howland","HOW-00861",0.805199,-176.6097,137683.6524
"Howland","HOW-00890",0.81151,-176.6118,130371.02725
"Howland","HOW-01031",0.797881,-176.6198,58005.80102
"Baker","BAK-00761",0.188508,-176.4818,57238.22595
"Baker","BAK-00776",0.187985,-176.47,109815.15185
"Baker","BAK-00725",0.201831,-176.4647,147622.97755
"Baker","BAK-00745",0.204936,-176.4735,127890.0022
"Baker","BAK-00763",0.19374,-176.4608,148529.00265
"Swains","SWA-00775",-11.04527,-171.0722,95007.35162
"Ofu & Olosega","OFU-01000",-14.16069,-169.6203,35349.400625
"Jarvis","JAR-02019",-0.369821,-160.0083,64291.26357125
"Jarvis","JAR-01995",-0.362745,-160.002,94813.676605
"Jarvis","JAR-01935",-0.368347,-159.9782,149428.80255
"Jarvis","JAR-01950",-0.370827,-159.9761,152642.65265
"Jarvis","JAR-01997",-0.368374,-159.981,142493.927475
"Jarvis","JAR-02046",-0.366229,-159.9854,109329.00185
"Jarvis","JAR-01967",-0.381954,-159.9893,99539.80174
"Jarvis","JAR-01965",-0.38254,-159.9758,136869.7524
"Jarvis","JAR-01945",-0.38043,-159.9782,127066.10225
"Jarvis","JAR-02016",-0.377353,-159.983,114801.651975
"Jarvis","JAR-02039",-0.381894,-160.004,88435.5515575
"Maui","MAI-02459",20.79174,-156.5913,0
"Molokai","MOL-02242",21.1649,-156.8659,239897.25
"Molokai","MOL-02254",21.04658,-156.9395,920.99999235
"Hawaii","HAW-04285",19.94928,-155.8663,30.35000062
"Hawaii","HAW-04247",19.73174,-155.0681,60432.20107
"Hawaii","HAW-04234",20.20178,-155.7246,86470.451495
"Hawaii","HAW-04260",19.78536,-156.0421,5405.400091
"Hawaii","HAW-04287",19.59316,-155.9719,642.75001285
"Oahu","OAH-03301",21.26962,-157.7579,19528.59962
